state,game,year,status,reason,returncode,command,stdout_tail,stderr_tail
GA,pick3,2012,ingested,ingest_success,0,/workspaces/lottery-engine/.venv/bin/python -m cli.ingest --state GA --game pick3 --start 2012-01-01 --end 2012-12-31 --source lottery.net,"Initializing database...

Ingest: state=GA game=pick3 source=lottery.net 2012-01-01..2012-12-31

--- Ingest Summary ---
  Tasks run:            3
  Raw results fetched:  727
  Observations written: 727
  Reconcile — accepted:         727
  Reconcile — duplicate:        0
  Reconcile — conflict (new):   0
  Reconcile — conflict (kept):  0
  Reconcile — errors:           0","2026-04-12 19:29:29 INFO     sources.lottery_net:   lottery.net: 0 rows  GA/pick3/night  2012/04  [cash-3-night]
2026-04-12 19:29:29 INFO     sources.base: Fetching SourceName.LOTTERY_NET | GA | pick3 | 2012/05
2026-04-12 19:29:29 INFO     sources.lottery_net:   lottery.net: 0 rows  GA/pick3/night  2012/05  [cash-3-night]
2026-04-12 19:29:29 INFO     sources.base: Fetching SourceName.LOTTERY_NET | GA | pick3 | 2012/06
2026-04-12 19:29:29 INFO     sources.lottery_net:   lottery.net: 0 rows  GA/pick3/night  2012/06  [cash-3-night]
2026-04-12 19:29:29 INFO     sources.base: Fetching SourceName.LOTTERY_NET | GA | pick3 | 2012/07
2026-04-12 19:29:29 INFO     sources.lottery_net:   lottery.net: 0 rows  GA/pick3/night  2012/07  [cash-3-night]
2026-04-12 19:29:29 INFO     sources.base: Fetching SourceName.LOTTERY_NET | GA | pick3 | 2012/08
2026-04-12 19:29:29 INFO     sources.lottery_net:   lottery.net: 0 rows  GA/pick3/night  2012/08  [cash-3-night]
2026-04-12 19:29:29 INFO     sources.base: Fetching SourceName.LOTTERY_NET | GA | pick3 | 2012/09
2026-04-12 19:29:29 INFO     sources.lottery_net:   lottery.net: 0 rows  GA/pick3/night  2012/09  [cash-3-night]
2026-04-12 19:29:29 INFO     sources.base: Fetching SourceName.LOTTERY_NET | GA | pick3 | 2012/10
2026-04-12 19:29:29 INFO     sources.lottery_net:   lottery.net: 0 rows  GA/pick3/night  2012/10  [cash-3-night]
2026-04-12 19:29:29 INFO     sources.base: Fetching SourceName.LOTTERY_NET | GA | pick3 | 2012/11
2026-04-12 19:29:29 INFO     sources.lottery_net:   lottery.net: 0 rows  GA/pick3/night  2012/11  [cash-3-night]
2026-04-12 19:29:29 INFO     sources.base: Fetching SourceName.LOTTERY_NET | GA | pick3 | 2012/12
2026-04-12 19:29:29 INFO     sources.lottery_net:   lottery.net: 0 rows  GA/pick3/night  2012/12  [cash-3-night]
2026-04-12 19:29:29 INFO     orchestrator.runner: Running reconciliation...
2026-04-12 19:29:29 INFO     orchestrator.reconciler: Reconciliation complete: {'accepted': 727, 'duplicate': 0, 'conflict_new_wins': 0, 'conflict_existing_wins': 0, 'errors': 0}
2026-04-12 19:29:29 INFO     orchestrator.runner: Ingest complete: {'tasks_run': 3, 'raw_results': 727, 'observations_written': 727, 'reconcile_stats': {'accepted': 727, 'duplicate': 0, 'conflict_new_wins': 0, 'conflict_existing_wins': 0, 'errors': 0}}"
GA,pick4,2012,ingested,ingest_success,0,/workspaces/lottery-engine/.venv/bin/python -m cli.ingest --state GA --game pick4 --start 2012-01-01 --end 2012-12-31 --source lottery.net,"Initializing database...

Ingest: state=GA game=pick4 source=lottery.net 2012-01-01..2012-12-31

--- Ingest Summary ---
  Tasks run:            3
  Raw results fetched:  726
  Observations written: 726
  Reconcile — accepted:         726
  Reconcile — duplicate:        0
  Reconcile — conflict (new):   0
  Reconcile — conflict (kept):  0
  Reconcile — errors:           0","2026-04-12 19:29:33 INFO     sources.lottery_net:   lottery.net: 30 rows  GA/pick4/night  2012/04  [cash-4-night]
2026-04-12 19:29:33 INFO     sources.base: Fetching SourceName.LOTTERY_NET | GA | pick4 | 2012/05
2026-04-12 19:29:33 INFO     sources.lottery_net:   lottery.net: 28 rows  GA/pick4/night  2012/05  [cash-4-night]
2026-04-12 19:29:33 INFO     sources.base: Fetching SourceName.LOTTERY_NET | GA | pick4 | 2012/06
2026-04-12 19:29:33 INFO     sources.lottery_net:   lottery.net: 29 rows  GA/pick4/night  2012/06  [cash-4-night]
2026-04-12 19:29:33 INFO     sources.base: Fetching SourceName.LOTTERY_NET | GA | pick4 | 2012/07
2026-04-12 19:29:33 INFO     sources.lottery_net:   lottery.net: 31 rows  GA/pick4/night  2012/07  [cash-4-night]
2026-04-12 19:29:33 INFO     sources.base: Fetching SourceName.LOTTERY_NET | GA | pick4 | 2012/08
2026-04-12 19:29:33 INFO     sources.lottery_net:   lottery.net: 31 rows  GA/pick4/night  2012/08  [cash-4-night]
2026-04-12 19:29:33 INFO     sources.base: Fetching SourceName.LOTTERY_NET | GA | pick4 | 2012/09
2026-04-12 19:29:33 INFO     sources.lottery_net:   lottery.net: 30 rows  GA/pick4/night  2012/09  [cash-4-night]
2026-04-12 19:29:33 INFO     sources.base: Fetching SourceName.LOTTERY_NET | GA | pick4 | 2012/10
2026-04-12 19:29:33 INFO     sources.lottery_net:   lottery.net: 31 rows  GA/pick4/night  2012/10  [cash-4-night]
2026-04-12 19:29:33 INFO     sources.base: Fetching SourceName.LOTTERY_NET | GA | pick4 | 2012/11
2026-04-12 19:29:33 INFO     sources.lottery_net:   lottery.net: 30 rows  GA/pick4/night  2012/11  [cash-4-night]
2026-04-12 19:29:33 INFO     sources.base: Fetching SourceName.LOTTERY_NET | GA | pick4 | 2012/12
2026-04-12 19:29:33 INFO     sources.lottery_net:   lottery.net: 31 rows  GA/pick4/night  2012/12  [cash-4-night]
2026-04-12 19:29:34 INFO     orchestrator.runner: Running reconciliation...
2026-04-12 19:29:34 INFO     orchestrator.reconciler: Reconciliation complete: {'accepted': 726, 'duplicate': 0, 'conflict_new_wins': 0, 'conflict_existing_wins': 0, 'errors': 0}
2026-04-12 19:29:34 INFO     orchestrator.runner: Ingest complete: {'tasks_run': 3, 'raw_results': 726, 'observations_written': 726, 'reconcile_stats': {'accepted': 726, 'duplicate': 0, 'conflict_new_wins': 0, 'conflict_existing_wins': 0, 'errors': 0}}"
TX,pick3,2012,ingested,ingest_success,0,/workspaces/lottery-engine/.venv/bin/python -m cli.ingest --state TX --game pick3 --start 2012-01-01 --end 2012-12-31 --source lottery.net,"Initializing database...

Ingest: state=TX game=pick3 source=lottery.net 2012-01-01..2012-12-31

--- Ingest Summary ---
  Tasks run:            4
  Raw results fetched:  623
  Observations written: 623
  Reconcile — accepted:         623
  Reconcile — duplicate:        0
  Reconcile — conflict (new):   0
  Reconcile — conflict (kept):  0
  Reconcile — errors:           0","2026-04-12 19:29:40 INFO     sources.lottery_net:   lottery.net: 25 rows  TX/pick3/night  2012/04  [pick-3-night]
2026-04-12 19:29:40 INFO     sources.base: Fetching SourceName.LOTTERY_NET | TX | pick3 | 2012/05
2026-04-12 19:29:40 INFO     sources.lottery_net:   lottery.net: 25 rows  TX/pick3/night  2012/05  [pick-3-night]
2026-04-12 19:29:40 INFO     sources.base: Fetching SourceName.LOTTERY_NET | TX | pick3 | 2012/06
2026-04-12 19:29:40 INFO     sources.lottery_net:   lottery.net: 26 rows  TX/pick3/night  2012/06  [pick-3-night]
2026-04-12 19:29:40 INFO     sources.base: Fetching SourceName.LOTTERY_NET | TX | pick3 | 2012/07
2026-04-12 19:29:40 INFO     sources.lottery_net:   lottery.net: 26 rows  TX/pick3/night  2012/07  [pick-3-night]
2026-04-12 19:29:40 INFO     sources.base: Fetching SourceName.LOTTERY_NET | TX | pick3 | 2012/08
2026-04-12 19:29:40 INFO     sources.lottery_net:   lottery.net: 27 rows  TX/pick3/night  2012/08  [pick-3-night]
2026-04-12 19:29:40 INFO     sources.base: Fetching SourceName.LOTTERY_NET | TX | pick3 | 2012/09
2026-04-12 19:29:40 INFO     sources.lottery_net:   lottery.net: 25 rows  TX/pick3/night  2012/09  [pick-3-night]
2026-04-12 19:29:40 INFO     sources.base: Fetching SourceName.LOTTERY_NET | TX | pick3 | 2012/10
2026-04-12 19:29:40 INFO     sources.lottery_net:   lottery.net: 27 rows  TX/pick3/night  2012/10  [pick-3-night]
2026-04-12 19:29:40 INFO     sources.base: Fetching SourceName.LOTTERY_NET | TX | pick3 | 2012/11
2026-04-12 19:29:40 INFO     sources.lottery_net:   lottery.net: 26 rows  TX/pick3/night  2012/11  [pick-3-night]
2026-04-12 19:29:40 INFO     sources.base: Fetching SourceName.LOTTERY_NET | TX | pick3 | 2012/12
2026-04-12 19:29:40 INFO     sources.lottery_net:   lottery.net: 26 rows  TX/pick3/night  2012/12  [pick-3-night]
2026-04-12 19:29:40 INFO     orchestrator.runner: Running reconciliation...
2026-04-12 19:29:40 INFO     orchestrator.reconciler: Reconciliation complete: {'accepted': 623, 'duplicate': 0, 'conflict_new_wins': 0, 'conflict_existing_wins': 0, 'errors': 0}
2026-04-12 19:29:40 INFO     orchestrator.runner: Ingest complete: {'tasks_run': 4, 'raw_results': 623, 'observations_written': 623, 'reconcile_stats': {'accepted': 623, 'duplicate': 0, 'conflict_new_wins': 0, 'conflict_existing_wins': 0, 'errors': 0}}"
TX,pick4,2012,ingested,ingest_success,0,/workspaces/lottery-engine/.venv/bin/python -m cli.ingest --state TX --game pick4 --start 2012-01-01 --end 2012-12-31 --source lottery.net,"Initializing database...

Ingest: state=TX game=pick4 source=lottery.net 2012-01-01..2012-12-31

--- Ingest Summary ---
  Tasks run:            4
  Raw results fetched:  623
  Observations written: 623
  Reconcile — accepted:         623
  Reconcile — duplicate:        0
  Reconcile — conflict (new):   0
  Reconcile — conflict (kept):  0
  Reconcile — errors:           0","2026-04-12 19:29:45 INFO     sources.lottery_net:   lottery.net: 25 rows  TX/pick4/night  2012/04  [daily-4-night]
2026-04-12 19:29:45 INFO     sources.base: Fetching SourceName.LOTTERY_NET | TX | pick4 | 2012/05
2026-04-12 19:29:45 INFO     sources.lottery_net:   lottery.net: 25 rows  TX/pick4/night  2012/05  [daily-4-night]
2026-04-12 19:29:45 INFO     sources.base: Fetching SourceName.LOTTERY_NET | TX | pick4 | 2012/06
2026-04-12 19:29:45 INFO     sources.lottery_net:   lottery.net: 26 rows  TX/pick4/night  2012/06  [daily-4-night]
2026-04-12 19:29:45 INFO     sources.base: Fetching SourceName.LOTTERY_NET | TX | pick4 | 2012/07
2026-04-12 19:29:45 INFO     sources.lottery_net:   lottery.net: 26 rows  TX/pick4/night  2012/07  [daily-4-night]
2026-04-12 19:29:45 INFO     sources.base: Fetching SourceName.LOTTERY_NET | TX | pick4 | 2012/08
2026-04-12 19:29:45 INFO     sources.lottery_net:   lottery.net: 27 rows  TX/pick4/night  2012/08  [daily-4-night]
2026-04-12 19:29:45 INFO     sources.base: Fetching SourceName.LOTTERY_NET | TX | pick4 | 2012/09
2026-04-12 19:29:45 INFO     sources.lottery_net:   lottery.net: 25 rows  TX/pick4/night  2012/09  [daily-4-night]
2026-04-12 19:29:45 INFO     sources.base: Fetching SourceName.LOTTERY_NET | TX | pick4 | 2012/10
2026-04-12 19:29:45 INFO     sources.lottery_net:   lottery.net: 27 rows  TX/pick4/night  2012/10  [daily-4-night]
2026-04-12 19:29:45 INFO     sources.base: Fetching SourceName.LOTTERY_NET | TX | pick4 | 2012/11
2026-04-12 19:29:45 INFO     sources.lottery_net:   lottery.net: 26 rows  TX/pick4/night  2012/11  [daily-4-night]
2026-04-12 19:29:45 INFO     sources.base: Fetching SourceName.LOTTERY_NET | TX | pick4 | 2012/12
2026-04-12 19:29:45 INFO     sources.lottery_net:   lottery.net: 26 rows  TX/pick4/night  2012/12  [daily-4-night]
2026-04-12 19:29:45 INFO     orchestrator.runner: Running reconciliation...
2026-04-12 19:29:45 INFO     orchestrator.reconciler: Reconciliation complete: {'accepted': 623, 'duplicate': 0, 'conflict_new_wins': 0, 'conflict_existing_wins': 0, 'errors': 0}
2026-04-12 19:29:46 INFO     orchestrator.runner: Ingest complete: {'tasks_run': 4, 'raw_results': 623, 'observations_written': 623, 'reconcile_stats': {'accepted': 623, 'duplicate': 0, 'conflict_new_wins': 0, 'conflict_existing_wins': 0, 'errors': 0}}"
OR,pick3,2012,skipped,unsupported_state_game_combo,0,preset-skip,,
OR,pick4,2012,ingested,ingest_success,0,/workspaces/lottery-engine/.venv/bin/python -m cli.ingest --state OR --game pick4 --start 2012-01-01 --end 2012-12-31 --source lottery.net,"Initializing database...

Ingest: state=OR game=pick4 source=lottery.net 2012-01-01..2012-12-31

--- Ingest Summary ---
  Tasks run:            4
  Raw results fetched:  1464
  Observations written: 1464
  Reconcile — accepted:         1464
  Reconcile — duplicate:        0
  Reconcile — conflict (new):   0
  Reconcile — conflict (kept):  0
  Reconcile — errors:           0","2026-04-12 19:29:51 INFO     sources.lottery_net:   lottery.net: 30 rows  OR/pick4/night  2012/04  [pick-4-10pm]
2026-04-12 19:29:51 INFO     sources.base: Fetching SourceName.LOTTERY_NET | OR | pick4 | 2012/05
2026-04-12 19:29:51 INFO     sources.lottery_net:   lottery.net: 31 rows  OR/pick4/night  2012/05  [pick-4-10pm]
2026-04-12 19:29:51 INFO     sources.base: Fetching SourceName.LOTTERY_NET | OR | pick4 | 2012/06
2026-04-12 19:29:51 INFO     sources.lottery_net:   lottery.net: 30 rows  OR/pick4/night  2012/06  [pick-4-10pm]
2026-04-12 19:29:51 INFO     sources.base: Fetching SourceName.LOTTERY_NET | OR | pick4 | 2012/07
2026-04-12 19:29:51 INFO     sources.lottery_net:   lottery.net: 31 rows  OR/pick4/night  2012/07  [pick-4-10pm]
2026-04-12 19:29:51 INFO     sources.base: Fetching SourceName.LOTTERY_NET | OR | pick4 | 2012/08
2026-04-12 19:29:51 INFO     sources.lottery_net:   lottery.net: 31 rows  OR/pick4/night  2012/08  [pick-4-10pm]
2026-04-12 19:29:51 INFO     sources.base: Fetching SourceName.LOTTERY_NET | OR | pick4 | 2012/09
2026-04-12 19:29:51 INFO     sources.lottery_net:   lottery.net: 30 rows  OR/pick4/night  2012/09  [pick-4-10pm]
2026-04-12 19:29:51 INFO     sources.base: Fetching SourceName.LOTTERY_NET | OR | pick4 | 2012/10
2026-04-12 19:29:51 INFO     sources.lottery_net:   lottery.net: 31 rows  OR/pick4/night  2012/10  [pick-4-10pm]
2026-04-12 19:29:51 INFO     sources.base: Fetching SourceName.LOTTERY_NET | OR | pick4 | 2012/11
2026-04-12 19:29:51 INFO     sources.lottery_net:   lottery.net: 30 rows  OR/pick4/night  2012/11  [pick-4-10pm]
2026-04-12 19:29:51 INFO     sources.base: Fetching SourceName.LOTTERY_NET | OR | pick4 | 2012/12
2026-04-12 19:29:51 INFO     sources.lottery_net:   lottery.net: 31 rows  OR/pick4/night  2012/12  [pick-4-10pm]
2026-04-12 19:29:51 INFO     orchestrator.runner: Running reconciliation...
2026-04-12 19:29:52 INFO     orchestrator.reconciler: Reconciliation complete: {'accepted': 1464, 'duplicate': 0, 'conflict_new_wins': 0, 'conflict_existing_wins': 0, 'errors': 0}
2026-04-12 19:29:52 INFO     orchestrator.runner: Ingest complete: {'tasks_run': 4, 'raw_results': 1464, 'observations_written': 1464, 'reconcile_stats': {'accepted': 1464, 'duplicate': 0, 'conflict_new_wins': 0, 'conflict_existing_wins': 0, 'errors': 0}}"
DC,pick3,2012,skipped,unsupported_registry_missing,1,/workspaces/lottery-engine/.venv/bin/python -m cli.validate_state --state DC --game pick3 --month 2012-01 --source lottery.net --dry-run,"  ⚠ Slugs: ESTIMATED — verify before backfill  WARN
    6/6 mappings are ESTIMATED (unconfirmed on live site).
      check → https://www.lottery.net/district-of-columbia/dc-3-midday/results/2024
      check → https://www.lottery.net/district-of-columbia/dc-3-evening/results/2024
      check → https://www.lottery.net/district-of-columbia/dc-3-night/results/2024
      Run: python -m cli.validate_state --state DC --game pick3 --month 2012-01 --source lottery.net --dry-run
  – Registry metadata                          SKIP
    REGISTRY_META not found in definition file

  ↳ WARN  (1 warning(s))

── 2. URL planning ──
  ✗ URL generation                             FAIL
    No tasks generated. Check lifecycle windows and source coverage years.
  ↳ FAIL  (1 check(s) failed)

══════════════════════════════════════════════════════════════
  RESULT: FAIL  (1 failure(s), 1 warning(s))
══════════════════════════════════════════════════════════════
  STATE=DC  GAME=pick3  MONTH=2012-01  SOURCE=lottery.net  RESULT=FAIL  REASON=""URL generation: No tasks generated. Check lifecycle windows and source coverage """,
DC,pick4,2012,skipped,unsupported_registry_missing,1,/workspaces/lottery-engine/.venv/bin/python -m cli.validate_state --state DC --game pick4 --month 2012-01 --source lottery.net --dry-run,"  ⚠ Slugs: ESTIMATED — verify before backfill  WARN
    6/6 mappings are ESTIMATED (unconfirmed on live site).
      check → https://www.lottery.net/district-of-columbia/dc-3-midday/results/2024
      check → https://www.lottery.net/district-of-columbia/dc-3-evening/results/2024
      check → https://www.lottery.net/district-of-columbia/dc-3-night/results/2024
      Run: python -m cli.validate_state --state DC --game pick4 --month 2012-01 --source lottery.net --dry-run
  – Registry metadata                          SKIP
    REGISTRY_META not found in definition file

  ↳ WARN  (1 warning(s))

── 2. URL planning ──
  ✗ URL generation                             FAIL
    No tasks generated. Check lifecycle windows and source coverage years.
  ↳ FAIL  (1 check(s) failed)

══════════════════════════════════════════════════════════════
  RESULT: FAIL  (1 failure(s), 1 warning(s))
══════════════════════════════════════════════════════════════
  STATE=DC  GAME=pick4  MONTH=2012-01  SOURCE=lottery.net  RESULT=FAIL  REASON=""URL generation: No tasks generated. Check lifecycle windows and source coverage """,
FL,pick3,2012,ingested,ingest_success,0,/workspaces/lottery-engine/.venv/bin/python -m cli.ingest --state FL --game pick3 --start 2012-01-01 --end 2012-12-31 --source lottery.net,"Initializing database...

Ingest: state=FL game=pick3 source=lottery.net 2012-01-01..2012-12-31

--- Ingest Summary ---
  Tasks run:            2
  Raw results fetched:  727
  Observations written: 727
  Reconcile — accepted:         727
  Reconcile — duplicate:        0
  Reconcile — conflict (new):   0
  Reconcile — conflict (kept):  0
  Reconcile — errors:           0","2026-04-12 19:29:56 INFO     sources.lottery_net:   lottery.net: 30 rows  FL/pick3/midday  2012/04  [pick-3-midday]
2026-04-12 19:29:56 INFO     sources.base: Fetching SourceName.LOTTERY_NET | FL | pick3 | 2012/05
2026-04-12 19:29:56 INFO     sources.lottery_net:   lottery.net: 29 rows  FL/pick3/midday  2012/05  [pick-3-midday]
2026-04-12 19:29:56 INFO     sources.base: Fetching SourceName.LOTTERY_NET | FL | pick3 | 2012/06
2026-04-12 19:29:56 INFO     sources.lottery_net:   lottery.net: 30 rows  FL/pick3/midday  2012/06  [pick-3-midday]
2026-04-12 19:29:56 INFO     sources.base: Fetching SourceName.LOTTERY_NET | FL | pick3 | 2012/07
2026-04-12 19:29:56 INFO     sources.lottery_net:   lottery.net: 31 rows  FL/pick3/midday  2012/07  [pick-3-midday]
2026-04-12 19:29:56 INFO     sources.base: Fetching SourceName.LOTTERY_NET | FL | pick3 | 2012/08
2026-04-12 19:29:56 INFO     sources.lottery_net:   lottery.net: 31 rows  FL/pick3/midday  2012/08  [pick-3-midday]
2026-04-12 19:29:56 INFO     sources.base: Fetching SourceName.LOTTERY_NET | FL | pick3 | 2012/09
2026-04-12 19:29:56 INFO     sources.lottery_net:   lottery.net: 30 rows  FL/pick3/midday  2012/09  [pick-3-midday]
2026-04-12 19:29:56 INFO     sources.base: Fetching SourceName.LOTTERY_NET | FL | pick3 | 2012/10
2026-04-12 19:29:56 INFO     sources.lottery_net:   lottery.net: 31 rows  FL/pick3/midday  2012/10  [pick-3-midday]
2026-04-12 19:29:56 INFO     sources.base: Fetching SourceName.LOTTERY_NET | FL | pick3 | 2012/11
2026-04-12 19:29:56 INFO     sources.lottery_net:   lottery.net: 30 rows  FL/pick3/midday  2012/11  [pick-3-midday]
2026-04-12 19:29:56 INFO     sources.base: Fetching SourceName.LOTTERY_NET | FL | pick3 | 2012/12
2026-04-12 19:29:56 INFO     sources.lottery_net:   lottery.net: 31 rows  FL/pick3/midday  2012/12  [pick-3-midday]
2026-04-12 19:29:56 INFO     orchestrator.runner: Running reconciliation...
2026-04-12 19:29:57 INFO     orchestrator.reconciler: Reconciliation complete: {'accepted': 727, 'duplicate': 0, 'conflict_new_wins': 0, 'conflict_existing_wins': 0, 'errors': 0}
2026-04-12 19:29:57 INFO     orchestrator.runner: Ingest complete: {'tasks_run': 2, 'raw_results': 727, 'observations_written': 727, 'reconcile_stats': {'accepted': 727, 'duplicate': 0, 'conflict_new_wins': 0, 'conflict_existing_wins': 0, 'errors': 0}}"
FL,pick4,2012,ingested,ingest_success,0,/workspaces/lottery-engine/.venv/bin/python -m cli.ingest --state FL --game pick4 --start 2012-01-01 --end 2012-12-31 --source lottery.net,"Initializing database...

Ingest: state=FL game=pick4 source=lottery.net 2012-01-01..2012-12-31

--- Ingest Summary ---
  Tasks run:            2
  Raw results fetched:  727
  Observations written: 727
  Reconcile — accepted:         727
  Reconcile — duplicate:        0
  Reconcile — conflict (new):   0
  Reconcile — conflict (kept):  0
  Reconcile — errors:           0","2026-04-12 19:29:59 INFO     sources.lottery_net:   lottery.net: 30 rows  FL/pick4/midday  2012/04  [pick-4-midday]
2026-04-12 19:29:59 INFO     sources.base: Fetching SourceName.LOTTERY_NET | FL | pick4 | 2012/05
2026-04-12 19:29:59 INFO     sources.lottery_net:   lottery.net: 29 rows  FL/pick4/midday  2012/05  [pick-4-midday]
2026-04-12 19:29:59 INFO     sources.base: Fetching SourceName.LOTTERY_NET | FL | pick4 | 2012/06
2026-04-12 19:29:59 INFO     sources.lottery_net:   lottery.net: 30 rows  FL/pick4/midday  2012/06  [pick-4-midday]
2026-04-12 19:29:59 INFO     sources.base: Fetching SourceName.LOTTERY_NET | FL | pick4 | 2012/07
2026-04-12 19:29:59 INFO     sources.lottery_net:   lottery.net: 31 rows  FL/pick4/midday  2012/07  [pick-4-midday]
2026-04-12 19:29:59 INFO     sources.base: Fetching SourceName.LOTTERY_NET | FL | pick4 | 2012/08
2026-04-12 19:29:59 INFO     sources.lottery_net:   lottery.net: 31 rows  FL/pick4/midday  2012/08  [pick-4-midday]
2026-04-12 19:29:59 INFO     sources.base: Fetching SourceName.LOTTERY_NET | FL | pick4 | 2012/09
2026-04-12 19:29:59 INFO     sources.lottery_net:   lottery.net: 30 rows  FL/pick4/midday  2012/09  [pick-4-midday]
2026-04-12 19:29:59 INFO     sources.base: Fetching SourceName.LOTTERY_NET | FL | pick4 | 2012/10
2026-04-12 19:29:59 INFO     sources.lottery_net:   lottery.net: 31 rows  FL/pick4/midday  2012/10  [pick-4-midday]
2026-04-12 19:29:59 INFO     sources.base: Fetching SourceName.LOTTERY_NET | FL | pick4 | 2012/11
2026-04-12 19:29:59 INFO     sources.lottery_net:   lottery.net: 30 rows  FL/pick4/midday  2012/11  [pick-4-midday]
2026-04-12 19:29:59 INFO     sources.base: Fetching SourceName.LOTTERY_NET | FL | pick4 | 2012/12
2026-04-12 19:29:59 INFO     sources.lottery_net:   lottery.net: 31 rows  FL/pick4/midday  2012/12  [pick-4-midday]
2026-04-12 19:29:59 INFO     orchestrator.runner: Running reconciliation...
2026-04-12 19:30:00 INFO     orchestrator.reconciler: Reconciliation complete: {'accepted': 727, 'duplicate': 0, 'conflict_new_wins': 0, 'conflict_existing_wins': 0, 'errors': 0}
2026-04-12 19:30:00 INFO     orchestrator.runner: Ingest complete: {'tasks_run': 2, 'raw_results': 727, 'observations_written': 727, 'reconcile_stats': {'accepted': 727, 'duplicate': 0, 'conflict_new_wins': 0, 'conflict_existing_wins': 0, 'errors': 0}}"
NY,pick3,2012,ingested,ingest_success,0,/workspaces/lottery-engine/.venv/bin/python -m cli.ingest --state NY --game pick3 --start 2012-01-01 --end 2012-12-31 --source lottery.net,"Initializing database...

Ingest: state=NY game=pick3 source=lottery.net 2012-01-01..2012-12-31

--- Ingest Summary ---
  Tasks run:            2
  Raw results fetched:  727
  Observations written: 727
  Reconcile — accepted:         727
  Reconcile — duplicate:        0
  Reconcile — conflict (new):   0
  Reconcile — conflict (kept):  0
  Reconcile — errors:           0","2026-04-12 19:30:02 INFO     sources.lottery_net:   lottery.net: 30 rows  NY/pick3/midday  2012/04  [numbers-midday]
2026-04-12 19:30:02 INFO     sources.base: Fetching SourceName.LOTTERY_NET | NY | pick3 | 2012/05
2026-04-12 19:30:02 INFO     sources.lottery_net:   lottery.net: 29 rows  NY/pick3/midday  2012/05  [numbers-midday]
2026-04-12 19:30:02 INFO     sources.base: Fetching SourceName.LOTTERY_NET | NY | pick3 | 2012/06
2026-04-12 19:30:02 INFO     sources.lottery_net:   lottery.net: 30 rows  NY/pick3/midday  2012/06  [numbers-midday]
2026-04-12 19:30:02 INFO     sources.base: Fetching SourceName.LOTTERY_NET | NY | pick3 | 2012/07
2026-04-12 19:30:02 INFO     sources.lottery_net:   lottery.net: 31 rows  NY/pick3/midday  2012/07  [numbers-midday]
2026-04-12 19:30:02 INFO     sources.base: Fetching SourceName.LOTTERY_NET | NY | pick3 | 2012/08
2026-04-12 19:30:02 INFO     sources.lottery_net:   lottery.net: 31 rows  NY/pick3/midday  2012/08  [numbers-midday]
2026-04-12 19:30:02 INFO     sources.base: Fetching SourceName.LOTTERY_NET | NY | pick3 | 2012/09
2026-04-12 19:30:02 INFO     sources.lottery_net:   lottery.net: 30 rows  NY/pick3/midday  2012/09  [numbers-midday]
2026-04-12 19:30:02 INFO     sources.base: Fetching SourceName.LOTTERY_NET | NY | pick3 | 2012/10
2026-04-12 19:30:02 INFO     sources.lottery_net:   lottery.net: 31 rows  NY/pick3/midday  2012/10  [numbers-midday]
2026-04-12 19:30:02 INFO     sources.base: Fetching SourceName.LOTTERY_NET | NY | pick3 | 2012/11
2026-04-12 19:30:02 INFO     sources.lottery_net:   lottery.net: 30 rows  NY/pick3/midday  2012/11  [numbers-midday]
2026-04-12 19:30:02 INFO     sources.base: Fetching SourceName.LOTTERY_NET | NY | pick3 | 2012/12
2026-04-12 19:30:02 INFO     sources.lottery_net:   lottery.net: 31 rows  NY/pick3/midday  2012/12  [numbers-midday]
2026-04-12 19:30:03 INFO     orchestrator.runner: Running reconciliation...
2026-04-12 19:30:03 INFO     orchestrator.reconciler: Reconciliation complete: {'accepted': 727, 'duplicate': 0, 'conflict_new_wins': 0, 'conflict_existing_wins': 0, 'errors': 0}
2026-04-12 19:30:03 INFO     orchestrator.runner: Ingest complete: {'tasks_run': 2, 'raw_results': 727, 'observations_written': 727, 'reconcile_stats': {'accepted': 727, 'duplicate': 0, 'conflict_new_wins': 0, 'conflict_existing_wins': 0, 'errors': 0}}"
NY,pick4,2012,ingested,ingest_success,0,/workspaces/lottery-engine/.venv/bin/python -m cli.ingest --state NY --game pick4 --start 2012-01-01 --end 2012-12-31 --source lottery.net,"Initializing database...

Ingest: state=NY game=pick4 source=lottery.net 2012-01-01..2012-12-31

--- Ingest Summary ---
  Tasks run:            2
  Raw results fetched:  727
  Observations written: 727
  Reconcile — accepted:         727
  Reconcile — duplicate:        0
  Reconcile — conflict (new):   0
  Reconcile — conflict (kept):  0
  Reconcile — errors:           0","2026-04-12 19:30:06 INFO     sources.lottery_net:   lottery.net: 30 rows  NY/pick4/midday  2012/04  [win-4-midday]
2026-04-12 19:30:06 INFO     sources.base: Fetching SourceName.LOTTERY_NET | NY | pick4 | 2012/05
2026-04-12 19:30:06 INFO     sources.lottery_net:   lottery.net: 29 rows  NY/pick4/midday  2012/05  [win-4-midday]
2026-04-12 19:30:06 INFO     sources.base: Fetching SourceName.LOTTERY_NET | NY | pick4 | 2012/06
2026-04-12 19:30:06 INFO     sources.lottery_net:   lottery.net: 30 rows  NY/pick4/midday  2012/06  [win-4-midday]
2026-04-12 19:30:06 INFO     sources.base: Fetching SourceName.LOTTERY_NET | NY | pick4 | 2012/07
2026-04-12 19:30:06 INFO     sources.lottery_net:   lottery.net: 31 rows  NY/pick4/midday  2012/07  [win-4-midday]
2026-04-12 19:30:06 INFO     sources.base: Fetching SourceName.LOTTERY_NET | NY | pick4 | 2012/08
2026-04-12 19:30:06 INFO     sources.lottery_net:   lottery.net: 31 rows  NY/pick4/midday  2012/08  [win-4-midday]
2026-04-12 19:30:06 INFO     sources.base: Fetching SourceName.LOTTERY_NET | NY | pick4 | 2012/09
2026-04-12 19:30:06 INFO     sources.lottery_net:   lottery.net: 30 rows  NY/pick4/midday  2012/09  [win-4-midday]
2026-04-12 19:30:06 INFO     sources.base: Fetching SourceName.LOTTERY_NET | NY | pick4 | 2012/10
2026-04-12 19:30:06 INFO     sources.lottery_net:   lottery.net: 31 rows  NY/pick4/midday  2012/10  [win-4-midday]
2026-04-12 19:30:06 INFO     sources.base: Fetching SourceName.LOTTERY_NET | NY | pick4 | 2012/11
2026-04-12 19:30:06 INFO     sources.lottery_net:   lottery.net: 30 rows  NY/pick4/midday  2012/11  [win-4-midday]
2026-04-12 19:30:06 INFO     sources.base: Fetching SourceName.LOTTERY_NET | NY | pick4 | 2012/12
2026-04-12 19:30:06 INFO     sources.lottery_net:   lottery.net: 31 rows  NY/pick4/midday  2012/12  [win-4-midday]
2026-04-12 19:30:06 INFO     orchestrator.runner: Running reconciliation...
2026-04-12 19:30:06 INFO     orchestrator.reconciler: Reconciliation complete: {'accepted': 727, 'duplicate': 0, 'conflict_new_wins': 0, 'conflict_existing_wins': 0, 'errors': 0}
2026-04-12 19:30:07 INFO     orchestrator.runner: Ingest complete: {'tasks_run': 2, 'raw_results': 727, 'observations_written': 727, 'reconcile_stats': {'accepted': 727, 'duplicate': 0, 'conflict_new_wins': 0, 'conflict_existing_wins': 0, 'errors': 0}}"
OH,pick3,2012,ingested,ingest_success,0,/workspaces/lottery-engine/.venv/bin/python -m cli.ingest --state OH --game pick3 --start 2012-01-01 --end 2012-12-31 --source lottery.net,"Initializing database...

Ingest: state=OH game=pick3 source=lottery.net 2012-01-01..2012-12-31

--- Ingest Summary ---
  Tasks run:            2
  Raw results fetched:  727
  Observations written: 727
  Reconcile — accepted:         727
  Reconcile — duplicate:        0
  Reconcile — conflict (new):   0
  Reconcile — conflict (kept):  0
  Reconcile — errors:           0","2026-04-12 19:30:09 INFO     sources.lottery_net:   lottery.net: 30 rows  OH/pick3/midday  2012/04  [pick-3-midday]
2026-04-12 19:30:09 INFO     sources.base: Fetching SourceName.LOTTERY_NET | OH | pick3 | 2012/05
2026-04-12 19:30:09 INFO     sources.lottery_net:   lottery.net: 29 rows  OH/pick3/midday  2012/05  [pick-3-midday]
2026-04-12 19:30:09 INFO     sources.base: Fetching SourceName.LOTTERY_NET | OH | pick3 | 2012/06
2026-04-12 19:30:09 INFO     sources.lottery_net:   lottery.net: 30 rows  OH/pick3/midday  2012/06  [pick-3-midday]
2026-04-12 19:30:09 INFO     sources.base: Fetching SourceName.LOTTERY_NET | OH | pick3 | 2012/07
2026-04-12 19:30:09 INFO     sources.lottery_net:   lottery.net: 31 rows  OH/pick3/midday  2012/07  [pick-3-midday]
2026-04-12 19:30:09 INFO     sources.base: Fetching SourceName.LOTTERY_NET | OH | pick3 | 2012/08
2026-04-12 19:30:09 INFO     sources.lottery_net:   lottery.net: 31 rows  OH/pick3/midday  2012/08  [pick-3-midday]
2026-04-12 19:30:09 INFO     sources.base: Fetching SourceName.LOTTERY_NET | OH | pick3 | 2012/09
2026-04-12 19:30:09 INFO     sources.lottery_net:   lottery.net: 30 rows  OH/pick3/midday  2012/09  [pick-3-midday]
2026-04-12 19:30:09 INFO     sources.base: Fetching SourceName.LOTTERY_NET | OH | pick3 | 2012/10
2026-04-12 19:30:09 INFO     sources.lottery_net:   lottery.net: 31 rows  OH/pick3/midday  2012/10  [pick-3-midday]
2026-04-12 19:30:09 INFO     sources.base: Fetching SourceName.LOTTERY_NET | OH | pick3 | 2012/11
2026-04-12 19:30:09 INFO     sources.lottery_net:   lottery.net: 30 rows  OH/pick3/midday  2012/11  [pick-3-midday]
2026-04-12 19:30:09 INFO     sources.base: Fetching SourceName.LOTTERY_NET | OH | pick3 | 2012/12
2026-04-12 19:30:09 INFO     sources.lottery_net:   lottery.net: 31 rows  OH/pick3/midday  2012/12  [pick-3-midday]
2026-04-12 19:30:09 INFO     orchestrator.runner: Running reconciliation...
2026-04-12 19:30:10 INFO     orchestrator.reconciler: Reconciliation complete: {'accepted': 727, 'duplicate': 0, 'conflict_new_wins': 0, 'conflict_existing_wins': 0, 'errors': 0}
2026-04-12 19:30:10 INFO     orchestrator.runner: Ingest complete: {'tasks_run': 2, 'raw_results': 727, 'observations_written': 727, 'reconcile_stats': {'accepted': 727, 'duplicate': 0, 'conflict_new_wins': 0, 'conflict_existing_wins': 0, 'errors': 0}}"
OH,pick4,2012,ingested,ingest_success,0,/workspaces/lottery-engine/.venv/bin/python -m cli.ingest --state OH --game pick4 --start 2012-01-01 --end 2012-12-31 --source lottery.net,"Initializing database...

Ingest: state=OH game=pick4 source=lottery.net 2012-01-01..2012-12-31

--- Ingest Summary ---
  Tasks run:            2
  Raw results fetched:  727
  Observations written: 727
  Reconcile — accepted:         727
  Reconcile — duplicate:        0
  Reconcile — conflict (new):   0
  Reconcile — conflict (kept):  0
  Reconcile — errors:           0","2026-04-12 19:30:12 INFO     sources.lottery_net:   lottery.net: 30 rows  OH/pick4/midday  2012/04  [pick-4-midday]
2026-04-12 19:30:12 INFO     sources.base: Fetching SourceName.LOTTERY_NET | OH | pick4 | 2012/05
2026-04-12 19:30:12 INFO     sources.lottery_net:   lottery.net: 29 rows  OH/pick4/midday  2012/05  [pick-4-midday]
2026-04-12 19:30:12 INFO     sources.base: Fetching SourceName.LOTTERY_NET | OH | pick4 | 2012/06
2026-04-12 19:30:12 INFO     sources.lottery_net:   lottery.net: 30 rows  OH/pick4/midday  2012/06  [pick-4-midday]
2026-04-12 19:30:12 INFO     sources.base: Fetching SourceName.LOTTERY_NET | OH | pick4 | 2012/07
2026-04-12 19:30:12 INFO     sources.lottery_net:   lottery.net: 31 rows  OH/pick4/midday  2012/07  [pick-4-midday]
2026-04-12 19:30:12 INFO     sources.base: Fetching SourceName.LOTTERY_NET | OH | pick4 | 2012/08
2026-04-12 19:30:12 INFO     sources.lottery_net:   lottery.net: 31 rows  OH/pick4/midday  2012/08  [pick-4-midday]
2026-04-12 19:30:12 INFO     sources.base: Fetching SourceName.LOTTERY_NET | OH | pick4 | 2012/09
2026-04-12 19:30:12 INFO     sources.lottery_net:   lottery.net: 30 rows  OH/pick4/midday  2012/09  [pick-4-midday]
2026-04-12 19:30:12 INFO     sources.base: Fetching SourceName.LOTTERY_NET | OH | pick4 | 2012/10
2026-04-12 19:30:12 INFO     sources.lottery_net:   lottery.net: 31 rows  OH/pick4/midday  2012/10  [pick-4-midday]
2026-04-12 19:30:12 INFO     sources.base: Fetching SourceName.LOTTERY_NET | OH | pick4 | 2012/11
2026-04-12 19:30:12 INFO     sources.lottery_net:   lottery.net: 30 rows  OH/pick4/midday  2012/11  [pick-4-midday]
2026-04-12 19:30:12 INFO     sources.base: Fetching SourceName.LOTTERY_NET | OH | pick4 | 2012/12
2026-04-12 19:30:12 INFO     sources.lottery_net:   lottery.net: 31 rows  OH/pick4/midday  2012/12  [pick-4-midday]
2026-04-12 19:30:12 INFO     orchestrator.runner: Running reconciliation...
2026-04-12 19:30:13 INFO     orchestrator.reconciler: Reconciliation complete: {'accepted': 727, 'duplicate': 0, 'conflict_new_wins': 0, 'conflict_existing_wins': 0, 'errors': 0}
2026-04-12 19:30:13 INFO     orchestrator.runner: Ingest complete: {'tasks_run': 2, 'raw_results': 727, 'observations_written': 727, 'reconcile_stats': {'accepted': 727, 'duplicate': 0, 'conflict_new_wins': 0, 'conflict_existing_wins': 0, 'errors': 0}}"
MI,pick3,2012,ingested,ingest_success,0,/workspaces/lottery-engine/.venv/bin/python -m cli.ingest --state MI --game pick3 --start 2012-01-01 --end 2012-12-31 --source lottery.net,"Initializing database...

Ingest: state=MI game=pick3 source=lottery.net 2012-01-01..2012-12-31

--- Ingest Summary ---
  Tasks run:            2
  Raw results fetched:  725
  Observations written: 725
  Reconcile — accepted:         725
  Reconcile — duplicate:        0
  Reconcile — conflict (new):   0
  Reconcile — conflict (kept):  0
  Reconcile — errors:           0","2026-04-12 19:30:16 INFO     sources.lottery_net:   lottery.net: 30 rows  MI/pick3/midday  2012/04  [daily-3-midday]
2026-04-12 19:30:16 INFO     sources.base: Fetching SourceName.LOTTERY_NET | MI | pick3 | 2012/05
2026-04-12 19:30:16 INFO     sources.lottery_net:   lottery.net: 29 rows  MI/pick3/midday  2012/05  [daily-3-midday]
2026-04-12 19:30:16 INFO     sources.base: Fetching SourceName.LOTTERY_NET | MI | pick3 | 2012/06
2026-04-12 19:30:16 INFO     sources.lottery_net:   lottery.net: 30 rows  MI/pick3/midday  2012/06  [daily-3-midday]
2026-04-12 19:30:16 INFO     sources.base: Fetching SourceName.LOTTERY_NET | MI | pick3 | 2012/07
2026-04-12 19:30:16 INFO     sources.lottery_net:   lottery.net: 31 rows  MI/pick3/midday  2012/07  [daily-3-midday]
2026-04-12 19:30:16 INFO     sources.base: Fetching SourceName.LOTTERY_NET | MI | pick3 | 2012/08
2026-04-12 19:30:16 INFO     sources.lottery_net:   lottery.net: 31 rows  MI/pick3/midday  2012/08  [daily-3-midday]
2026-04-12 19:30:16 INFO     sources.base: Fetching SourceName.LOTTERY_NET | MI | pick3 | 2012/09
2026-04-12 19:30:16 INFO     sources.lottery_net:   lottery.net: 30 rows  MI/pick3/midday  2012/09  [daily-3-midday]
2026-04-12 19:30:16 INFO     sources.base: Fetching SourceName.LOTTERY_NET | MI | pick3 | 2012/10
2026-04-12 19:30:16 INFO     sources.lottery_net:   lottery.net: 31 rows  MI/pick3/midday  2012/10  [daily-3-midday]
2026-04-12 19:30:16 INFO     sources.base: Fetching SourceName.LOTTERY_NET | MI | pick3 | 2012/11
2026-04-12 19:30:16 INFO     sources.lottery_net:   lottery.net: 30 rows  MI/pick3/midday  2012/11  [daily-3-midday]
2026-04-12 19:30:16 INFO     sources.base: Fetching SourceName.LOTTERY_NET | MI | pick3 | 2012/12
2026-04-12 19:30:16 INFO     sources.lottery_net:   lottery.net: 30 rows  MI/pick3/midday  2012/12  [daily-3-midday]
2026-04-12 19:30:16 INFO     orchestrator.runner: Running reconciliation...
2026-04-12 19:30:16 INFO     orchestrator.reconciler: Reconciliation complete: {'accepted': 725, 'duplicate': 0, 'conflict_new_wins': 0, 'conflict_existing_wins': 0, 'errors': 0}
2026-04-12 19:30:16 INFO     orchestrator.runner: Ingest complete: {'tasks_run': 2, 'raw_results': 725, 'observations_written': 725, 'reconcile_stats': {'accepted': 725, 'duplicate': 0, 'conflict_new_wins': 0, 'conflict_existing_wins': 0, 'errors': 0}}"
MI,pick4,2012,ingested,ingest_success,0,/workspaces/lottery-engine/.venv/bin/python -m cli.ingest --state MI --game pick4 --start 2012-01-01 --end 2012-12-31 --source lottery.net,"Initializing database...

Ingest: state=MI game=pick4 source=lottery.net 2012-01-01..2012-12-31

--- Ingest Summary ---
  Tasks run:            2
  Raw results fetched:  725
  Observations written: 725
  Reconcile — accepted:         725
  Reconcile — duplicate:        0
  Reconcile — conflict (new):   0
  Reconcile — conflict (kept):  0
  Reconcile — errors:           0","2026-04-12 19:30:19 INFO     sources.lottery_net:   lottery.net: 30 rows  MI/pick4/midday  2012/04  [daily-4-midday]
2026-04-12 19:30:19 INFO     sources.base: Fetching SourceName.LOTTERY_NET | MI | pick4 | 2012/05
2026-04-12 19:30:19 INFO     sources.lottery_net:   lottery.net: 29 rows  MI/pick4/midday  2012/05  [daily-4-midday]
2026-04-12 19:30:19 INFO     sources.base: Fetching SourceName.LOTTERY_NET | MI | pick4 | 2012/06
2026-04-12 19:30:19 INFO     sources.lottery_net:   lottery.net: 30 rows  MI/pick4/midday  2012/06  [daily-4-midday]
2026-04-12 19:30:19 INFO     sources.base: Fetching SourceName.LOTTERY_NET | MI | pick4 | 2012/07
2026-04-12 19:30:19 INFO     sources.lottery_net:   lottery.net: 31 rows  MI/pick4/midday  2012/07  [daily-4-midday]
2026-04-12 19:30:19 INFO     sources.base: Fetching SourceName.LOTTERY_NET | MI | pick4 | 2012/08
2026-04-12 19:30:19 INFO     sources.lottery_net:   lottery.net: 31 rows  MI/pick4/midday  2012/08  [daily-4-midday]
2026-04-12 19:30:19 INFO     sources.base: Fetching SourceName.LOTTERY_NET | MI | pick4 | 2012/09
2026-04-12 19:30:19 INFO     sources.lottery_net:   lottery.net: 30 rows  MI/pick4/midday  2012/09  [daily-4-midday]
2026-04-12 19:30:19 INFO     sources.base: Fetching SourceName.LOTTERY_NET | MI | pick4 | 2012/10
2026-04-12 19:30:19 INFO     sources.lottery_net:   lottery.net: 31 rows  MI/pick4/midday  2012/10  [daily-4-midday]
2026-04-12 19:30:19 INFO     sources.base: Fetching SourceName.LOTTERY_NET | MI | pick4 | 2012/11
2026-04-12 19:30:19 INFO     sources.lottery_net:   lottery.net: 30 rows  MI/pick4/midday  2012/11  [daily-4-midday]
2026-04-12 19:30:19 INFO     sources.base: Fetching SourceName.LOTTERY_NET | MI | pick4 | 2012/12
2026-04-12 19:30:19 INFO     sources.lottery_net:   lottery.net: 30 rows  MI/pick4/midday  2012/12  [daily-4-midday]
2026-04-12 19:30:19 INFO     orchestrator.runner: Running reconciliation...
2026-04-12 19:30:20 INFO     orchestrator.reconciler: Reconciliation complete: {'accepted': 725, 'duplicate': 0, 'conflict_new_wins': 0, 'conflict_existing_wins': 0, 'errors': 0}
2026-04-12 19:30:20 INFO     orchestrator.runner: Ingest complete: {'tasks_run': 2, 'raw_results': 725, 'observations_written': 725, 'reconcile_stats': {'accepted': 725, 'duplicate': 0, 'conflict_new_wins': 0, 'conflict_existing_wins': 0, 'errors': 0}}"
IL,pick3,2012,ingested,ingest_success,0,/workspaces/lottery-engine/.venv/bin/python -m cli.ingest --state IL --game pick3 --start 2012-01-01 --end 2012-12-31 --source lottery.net,"Initializing database...

Ingest: state=IL game=pick3 source=lottery.net 2012-01-01..2012-12-31

--- Ingest Summary ---
  Tasks run:            2
  Raw results fetched:  723
  Observations written: 723
  Reconcile — accepted:         723
  Reconcile — duplicate:        0
  Reconcile — conflict (new):   0
  Reconcile — conflict (kept):  0
  Reconcile — errors:           0","2026-04-12 19:30:22 INFO     sources.lottery_net:   lottery.net: 29 rows  IL/pick3/midday  2012/04  [pick-3-midday]
2026-04-12 19:30:22 INFO     sources.base: Fetching SourceName.LOTTERY_NET | IL | pick3 | 2012/05
2026-04-12 19:30:22 INFO     sources.lottery_net:   lottery.net: 29 rows  IL/pick3/midday  2012/05  [pick-3-midday]
2026-04-12 19:30:22 INFO     sources.base: Fetching SourceName.LOTTERY_NET | IL | pick3 | 2012/06
2026-04-12 19:30:22 INFO     sources.lottery_net:   lottery.net: 29 rows  IL/pick3/midday  2012/06  [pick-3-midday]
2026-04-12 19:30:22 INFO     sources.base: Fetching SourceName.LOTTERY_NET | IL | pick3 | 2012/07
2026-04-12 19:30:22 INFO     sources.lottery_net:   lottery.net: 31 rows  IL/pick3/midday  2012/07  [pick-3-midday]
2026-04-12 19:30:22 INFO     sources.base: Fetching SourceName.LOTTERY_NET | IL | pick3 | 2012/08
2026-04-12 19:30:22 INFO     sources.lottery_net:   lottery.net: 31 rows  IL/pick3/midday  2012/08  [pick-3-midday]
2026-04-12 19:30:22 INFO     sources.base: Fetching SourceName.LOTTERY_NET | IL | pick3 | 2012/09
2026-04-12 19:30:22 INFO     sources.lottery_net:   lottery.net: 29 rows  IL/pick3/midday  2012/09  [pick-3-midday]
2026-04-12 19:30:22 INFO     sources.base: Fetching SourceName.LOTTERY_NET | IL | pick3 | 2012/10
2026-04-12 19:30:22 INFO     sources.lottery_net:   lottery.net: 30 rows  IL/pick3/midday  2012/10  [pick-3-midday]
2026-04-12 19:30:22 INFO     sources.base: Fetching SourceName.LOTTERY_NET | IL | pick3 | 2012/11
2026-04-12 19:30:22 INFO     sources.lottery_net:   lottery.net: 30 rows  IL/pick3/midday  2012/11  [pick-3-midday]
2026-04-12 19:30:22 INFO     sources.base: Fetching SourceName.LOTTERY_NET | IL | pick3 | 2012/12
2026-04-12 19:30:22 INFO     sources.lottery_net:   lottery.net: 31 rows  IL/pick3/midday  2012/12  [pick-3-midday]
2026-04-12 19:30:23 INFO     orchestrator.runner: Running reconciliation...
2026-04-12 19:30:23 INFO     orchestrator.reconciler: Reconciliation complete: {'accepted': 723, 'duplicate': 0, 'conflict_new_wins': 0, 'conflict_existing_wins': 0, 'errors': 0}
2026-04-12 19:30:23 INFO     orchestrator.runner: Ingest complete: {'tasks_run': 2, 'raw_results': 723, 'observations_written': 723, 'reconcile_stats': {'accepted': 723, 'duplicate': 0, 'conflict_new_wins': 0, 'conflict_existing_wins': 0, 'errors': 0}}"
IL,pick4,2012,ingested,ingest_success,0,/workspaces/lottery-engine/.venv/bin/python -m cli.ingest --state IL --game pick4 --start 2012-01-01 --end 2012-12-31 --source lottery.net,"Initializing database...

Ingest: state=IL game=pick4 source=lottery.net 2012-01-01..2012-12-31

--- Ingest Summary ---
  Tasks run:            2
  Raw results fetched:  724
  Observations written: 724
  Reconcile — accepted:         724
  Reconcile — duplicate:        0
  Reconcile — conflict (new):   0
  Reconcile — conflict (kept):  0
  Reconcile — errors:           0","2026-04-12 19:30:25 INFO     sources.lottery_net:   lottery.net: 29 rows  IL/pick4/midday  2012/04  [pick-4-midday]
2026-04-12 19:30:25 INFO     sources.base: Fetching SourceName.LOTTERY_NET | IL | pick4 | 2012/05
2026-04-12 19:30:25 INFO     sources.lottery_net:   lottery.net: 29 rows  IL/pick4/midday  2012/05  [pick-4-midday]
2026-04-12 19:30:25 INFO     sources.base: Fetching SourceName.LOTTERY_NET | IL | pick4 | 2012/06
2026-04-12 19:30:25 INFO     sources.lottery_net:   lottery.net: 29 rows  IL/pick4/midday  2012/06  [pick-4-midday]
2026-04-12 19:30:25 INFO     sources.base: Fetching SourceName.LOTTERY_NET | IL | pick4 | 2012/07
2026-04-12 19:30:25 INFO     sources.lottery_net:   lottery.net: 31 rows  IL/pick4/midday  2012/07  [pick-4-midday]
2026-04-12 19:30:25 INFO     sources.base: Fetching SourceName.LOTTERY_NET | IL | pick4 | 2012/08
2026-04-12 19:30:25 INFO     sources.lottery_net:   lottery.net: 31 rows  IL/pick4/midday  2012/08  [pick-4-midday]
2026-04-12 19:30:25 INFO     sources.base: Fetching SourceName.LOTTERY_NET | IL | pick4 | 2012/09
2026-04-12 19:30:25 INFO     sources.lottery_net:   lottery.net: 30 rows  IL/pick4/midday  2012/09  [pick-4-midday]
2026-04-12 19:30:25 INFO     sources.base: Fetching SourceName.LOTTERY_NET | IL | pick4 | 2012/10
2026-04-12 19:30:25 INFO     sources.lottery_net:   lottery.net: 30 rows  IL/pick4/midday  2012/10  [pick-4-midday]
2026-04-12 19:30:25 INFO     sources.base: Fetching SourceName.LOTTERY_NET | IL | pick4 | 2012/11
2026-04-12 19:30:25 INFO     sources.lottery_net:   lottery.net: 30 rows  IL/pick4/midday  2012/11  [pick-4-midday]
2026-04-12 19:30:25 INFO     sources.base: Fetching SourceName.LOTTERY_NET | IL | pick4 | 2012/12
2026-04-12 19:30:25 INFO     sources.lottery_net:   lottery.net: 31 rows  IL/pick4/midday  2012/12  [pick-4-midday]
2026-04-12 19:30:25 INFO     orchestrator.runner: Running reconciliation...
2026-04-12 19:30:26 INFO     orchestrator.reconciler: Reconciliation complete: {'accepted': 724, 'duplicate': 0, 'conflict_new_wins': 0, 'conflict_existing_wins': 0, 'errors': 0}
2026-04-12 19:30:26 INFO     orchestrator.runner: Ingest complete: {'tasks_run': 2, 'raw_results': 724, 'observations_written': 724, 'reconcile_stats': {'accepted': 724, 'duplicate': 0, 'conflict_new_wins': 0, 'conflict_existing_wins': 0, 'errors': 0}}"
TN,pick3,2012,ingested,ingest_success,0,/workspaces/lottery-engine/.venv/bin/python -m cli.ingest --state TN --game pick3 --start 2012-01-01 --end 2012-12-31 --source lottery.net,"Initializing database...

Ingest: state=TN game=pick3 source=lottery.net 2012-01-01..2012-12-31

--- Ingest Summary ---
  Tasks run:            2
  Raw results fetched:  675
  Observations written: 675
  Reconcile — accepted:         675
  Reconcile — duplicate:        0
  Reconcile — conflict (new):   0
  Reconcile — conflict (kept):  0
  Reconcile — errors:           0","2026-04-12 19:30:28 INFO     sources.lottery_net:   lottery.net: 25 rows  TN/pick3/midday  2012/04  [cash-3-midday]
2026-04-12 19:30:28 INFO     sources.base: Fetching SourceName.LOTTERY_NET | TN | pick3 | 2012/05
2026-04-12 19:30:28 INFO     sources.lottery_net:   lottery.net: 26 rows  TN/pick3/midday  2012/05  [cash-3-midday]
2026-04-12 19:30:28 INFO     sources.base: Fetching SourceName.LOTTERY_NET | TN | pick3 | 2012/06
2026-04-12 19:30:28 INFO     sources.lottery_net:   lottery.net: 26 rows  TN/pick3/midday  2012/06  [cash-3-midday]
2026-04-12 19:30:28 INFO     sources.base: Fetching SourceName.LOTTERY_NET | TN | pick3 | 2012/07
2026-04-12 19:30:28 INFO     sources.lottery_net:   lottery.net: 26 rows  TN/pick3/midday  2012/07  [cash-3-midday]
2026-04-12 19:30:28 INFO     sources.base: Fetching SourceName.LOTTERY_NET | TN | pick3 | 2012/08
2026-04-12 19:30:28 INFO     sources.lottery_net:   lottery.net: 27 rows  TN/pick3/midday  2012/08  [cash-3-midday]
2026-04-12 19:30:28 INFO     sources.base: Fetching SourceName.LOTTERY_NET | TN | pick3 | 2012/09
2026-04-12 19:30:28 INFO     sources.lottery_net:   lottery.net: 25 rows  TN/pick3/midday  2012/09  [cash-3-midday]
2026-04-12 19:30:28 INFO     sources.base: Fetching SourceName.LOTTERY_NET | TN | pick3 | 2012/10
2026-04-12 19:30:28 INFO     sources.lottery_net:   lottery.net: 27 rows  TN/pick3/midday  2012/10  [cash-3-midday]
2026-04-12 19:30:28 INFO     sources.base: Fetching SourceName.LOTTERY_NET | TN | pick3 | 2012/11
2026-04-12 19:30:28 INFO     sources.lottery_net:   lottery.net: 26 rows  TN/pick3/midday  2012/11  [cash-3-midday]
2026-04-12 19:30:28 INFO     sources.base: Fetching SourceName.LOTTERY_NET | TN | pick3 | 2012/12
2026-04-12 19:30:28 INFO     sources.lottery_net:   lottery.net: 26 rows  TN/pick3/midday  2012/12  [cash-3-midday]
2026-04-12 19:30:28 INFO     orchestrator.runner: Running reconciliation...
2026-04-12 19:30:29 INFO     orchestrator.reconciler: Reconciliation complete: {'accepted': 675, 'duplicate': 0, 'conflict_new_wins': 0, 'conflict_existing_wins': 0, 'errors': 0}
2026-04-12 19:30:30 INFO     orchestrator.runner: Ingest complete: {'tasks_run': 2, 'raw_results': 675, 'observations_written': 675, 'reconcile_stats': {'accepted': 675, 'duplicate': 0, 'conflict_new_wins': 0, 'conflict_existing_wins': 0, 'errors': 0}}"
TN,pick4,2012,ingested,ingest_success,0,/workspaces/lottery-engine/.venv/bin/python -m cli.ingest --state TN --game pick4 --start 2012-01-01 --end 2012-12-31 --source lottery.net,"Initializing database...

Ingest: state=TN game=pick4 source=lottery.net 2012-01-01..2012-12-31

--- Ingest Summary ---
  Tasks run:            2
  Raw results fetched:  675
  Observations written: 675
  Reconcile — accepted:         675
  Reconcile — duplicate:        0
  Reconcile — conflict (new):   0
  Reconcile — conflict (kept):  0
  Reconcile — errors:           0","2026-04-12 19:30:32 INFO     sources.lottery_net:   lottery.net: 25 rows  TN/pick4/midday  2012/04  [cash-4-midday]
2026-04-12 19:30:32 INFO     sources.base: Fetching SourceName.LOTTERY_NET | TN | pick4 | 2012/05
2026-04-12 19:30:32 INFO     sources.lottery_net:   lottery.net: 26 rows  TN/pick4/midday  2012/05  [cash-4-midday]
2026-04-12 19:30:32 INFO     sources.base: Fetching SourceName.LOTTERY_NET | TN | pick4 | 2012/06
2026-04-12 19:30:32 INFO     sources.lottery_net:   lottery.net: 26 rows  TN/pick4/midday  2012/06  [cash-4-midday]
2026-04-12 19:30:32 INFO     sources.base: Fetching SourceName.LOTTERY_NET | TN | pick4 | 2012/07
2026-04-12 19:30:32 INFO     sources.lottery_net:   lottery.net: 26 rows  TN/pick4/midday  2012/07  [cash-4-midday]
2026-04-12 19:30:32 INFO     sources.base: Fetching SourceName.LOTTERY_NET | TN | pick4 | 2012/08
2026-04-12 19:30:32 INFO     sources.lottery_net:   lottery.net: 27 rows  TN/pick4/midday  2012/08  [cash-4-midday]
2026-04-12 19:30:32 INFO     sources.base: Fetching SourceName.LOTTERY_NET | TN | pick4 | 2012/09
2026-04-12 19:30:32 INFO     sources.lottery_net:   lottery.net: 25 rows  TN/pick4/midday  2012/09  [cash-4-midday]
2026-04-12 19:30:32 INFO     sources.base: Fetching SourceName.LOTTERY_NET | TN | pick4 | 2012/10
2026-04-12 19:30:32 INFO     sources.lottery_net:   lottery.net: 27 rows  TN/pick4/midday  2012/10  [cash-4-midday]
2026-04-12 19:30:32 INFO     sources.base: Fetching SourceName.LOTTERY_NET | TN | pick4 | 2012/11
2026-04-12 19:30:32 INFO     sources.lottery_net:   lottery.net: 26 rows  TN/pick4/midday  2012/11  [cash-4-midday]
2026-04-12 19:30:32 INFO     sources.base: Fetching SourceName.LOTTERY_NET | TN | pick4 | 2012/12
2026-04-12 19:30:32 INFO     sources.lottery_net:   lottery.net: 26 rows  TN/pick4/midday  2012/12  [cash-4-midday]
2026-04-12 19:30:32 INFO     orchestrator.runner: Running reconciliation...
2026-04-12 19:30:33 INFO     orchestrator.reconciler: Reconciliation complete: {'accepted': 675, 'duplicate': 0, 'conflict_new_wins': 0, 'conflict_existing_wins': 0, 'errors': 0}
2026-04-12 19:30:33 INFO     orchestrator.runner: Ingest complete: {'tasks_run': 2, 'raw_results': 675, 'observations_written': 675, 'reconcile_stats': {'accepted': 675, 'duplicate': 0, 'conflict_new_wins': 0, 'conflict_existing_wins': 0, 'errors': 0}}"
PA,pick3,2012,ingested,ingest_success,0,/workspaces/lottery-engine/.venv/bin/python -m cli.ingest --state PA --game pick3 --start 2012-01-01 --end 2012-12-31 --source lottery.net,"Initializing database...

Ingest: state=PA game=pick3 source=lottery.net 2012-01-01..2012-12-31

--- Ingest Summary ---
  Tasks run:            2
  Raw results fetched:  727
  Observations written: 727
  Reconcile — accepted:         727
  Reconcile — duplicate:        0
  Reconcile — conflict (new):   0
  Reconcile — conflict (kept):  0
  Reconcile — errors:           0","2026-04-12 19:30:35 INFO     sources.lottery_net:   lottery.net: 30 rows  PA/pick3/midday  2012/04  [pick-3-day]
2026-04-12 19:30:35 INFO     sources.base: Fetching SourceName.LOTTERY_NET | PA | pick3 | 2012/05
2026-04-12 19:30:35 INFO     sources.lottery_net:   lottery.net: 29 rows  PA/pick3/midday  2012/05  [pick-3-day]
2026-04-12 19:30:35 INFO     sources.base: Fetching SourceName.LOTTERY_NET | PA | pick3 | 2012/06
2026-04-12 19:30:35 INFO     sources.lottery_net:   lottery.net: 30 rows  PA/pick3/midday  2012/06  [pick-3-day]
2026-04-12 19:30:35 INFO     sources.base: Fetching SourceName.LOTTERY_NET | PA | pick3 | 2012/07
2026-04-12 19:30:35 INFO     sources.lottery_net:   lottery.net: 31 rows  PA/pick3/midday  2012/07  [pick-3-day]
2026-04-12 19:30:35 INFO     sources.base: Fetching SourceName.LOTTERY_NET | PA | pick3 | 2012/08
2026-04-12 19:30:35 INFO     sources.lottery_net:   lottery.net: 31 rows  PA/pick3/midday  2012/08  [pick-3-day]
2026-04-12 19:30:35 INFO     sources.base: Fetching SourceName.LOTTERY_NET | PA | pick3 | 2012/09
2026-04-12 19:30:35 INFO     sources.lottery_net:   lottery.net: 30 rows  PA/pick3/midday  2012/09  [pick-3-day]
2026-04-12 19:30:35 INFO     sources.base: Fetching SourceName.LOTTERY_NET | PA | pick3 | 2012/10
2026-04-12 19:30:35 INFO     sources.lottery_net:   lottery.net: 31 rows  PA/pick3/midday  2012/10  [pick-3-day]
2026-04-12 19:30:35 INFO     sources.base: Fetching SourceName.LOTTERY_NET | PA | pick3 | 2012/11
2026-04-12 19:30:35 INFO     sources.lottery_net:   lottery.net: 30 rows  PA/pick3/midday  2012/11  [pick-3-day]
2026-04-12 19:30:35 INFO     sources.base: Fetching SourceName.LOTTERY_NET | PA | pick3 | 2012/12
2026-04-12 19:30:35 INFO     sources.lottery_net:   lottery.net: 31 rows  PA/pick3/midday  2012/12  [pick-3-day]
2026-04-12 19:30:36 INFO     orchestrator.runner: Running reconciliation...
2026-04-12 19:30:36 INFO     orchestrator.reconciler: Reconciliation complete: {'accepted': 727, 'duplicate': 0, 'conflict_new_wins': 0, 'conflict_existing_wins': 0, 'errors': 0}
2026-04-12 19:30:36 INFO     orchestrator.runner: Ingest complete: {'tasks_run': 2, 'raw_results': 727, 'observations_written': 727, 'reconcile_stats': {'accepted': 727, 'duplicate': 0, 'conflict_new_wins': 0, 'conflict_existing_wins': 0, 'errors': 0}}"
PA,pick4,2012,ingested,ingest_success,0,/workspaces/lottery-engine/.venv/bin/python -m cli.ingest --state PA --game pick4 --start 2012-01-01 --end 2012-12-31 --source lottery.net,"Initializing database...

Ingest: state=PA game=pick4 source=lottery.net 2012-01-01..2012-12-31

--- Ingest Summary ---
  Tasks run:            2
  Raw results fetched:  727
  Observations written: 727
  Reconcile — accepted:         727
  Reconcile — duplicate:        0
  Reconcile — conflict (new):   0
  Reconcile — conflict (kept):  0
  Reconcile — errors:           0","2026-04-12 19:30:38 INFO     sources.lottery_net:   lottery.net: 30 rows  PA/pick4/midday  2012/04  [pick-4-day]
2026-04-12 19:30:38 INFO     sources.base: Fetching SourceName.LOTTERY_NET | PA | pick4 | 2012/05
2026-04-12 19:30:38 INFO     sources.lottery_net:   lottery.net: 29 rows  PA/pick4/midday  2012/05  [pick-4-day]
2026-04-12 19:30:38 INFO     sources.base: Fetching SourceName.LOTTERY_NET | PA | pick4 | 2012/06
2026-04-12 19:30:38 INFO     sources.lottery_net:   lottery.net: 30 rows  PA/pick4/midday  2012/06  [pick-4-day]
2026-04-12 19:30:38 INFO     sources.base: Fetching SourceName.LOTTERY_NET | PA | pick4 | 2012/07
2026-04-12 19:30:38 INFO     sources.lottery_net:   lottery.net: 31 rows  PA/pick4/midday  2012/07  [pick-4-day]
2026-04-12 19:30:38 INFO     sources.base: Fetching SourceName.LOTTERY_NET | PA | pick4 | 2012/08
2026-04-12 19:30:38 INFO     sources.lottery_net:   lottery.net: 31 rows  PA/pick4/midday  2012/08  [pick-4-day]
2026-04-12 19:30:38 INFO     sources.base: Fetching SourceName.LOTTERY_NET | PA | pick4 | 2012/09
2026-04-12 19:30:38 INFO     sources.lottery_net:   lottery.net: 30 rows  PA/pick4/midday  2012/09  [pick-4-day]
2026-04-12 19:30:38 INFO     sources.base: Fetching SourceName.LOTTERY_NET | PA | pick4 | 2012/10
2026-04-12 19:30:38 INFO     sources.lottery_net:   lottery.net: 31 rows  PA/pick4/midday  2012/10  [pick-4-day]
2026-04-12 19:30:38 INFO     sources.base: Fetching SourceName.LOTTERY_NET | PA | pick4 | 2012/11
2026-04-12 19:30:38 INFO     sources.lottery_net:   lottery.net: 30 rows  PA/pick4/midday  2012/11  [pick-4-day]
2026-04-12 19:30:38 INFO     sources.base: Fetching SourceName.LOTTERY_NET | PA | pick4 | 2012/12
2026-04-12 19:30:38 INFO     sources.lottery_net:   lottery.net: 31 rows  PA/pick4/midday  2012/12  [pick-4-day]
2026-04-12 19:30:38 INFO     orchestrator.runner: Running reconciliation...
2026-04-12 19:30:39 INFO     orchestrator.reconciler: Reconciliation complete: {'accepted': 727, 'duplicate': 0, 'conflict_new_wins': 0, 'conflict_existing_wins': 0, 'errors': 0}
2026-04-12 19:30:39 INFO     orchestrator.runner: Ingest complete: {'tasks_run': 2, 'raw_results': 727, 'observations_written': 727, 'reconcile_stats': {'accepted': 727, 'duplicate': 0, 'conflict_new_wins': 0, 'conflict_existing_wins': 0, 'errors': 0}}"
WA,pick3,2012,ingested,ingest_success,0,/workspaces/lottery-engine/.venv/bin/python -m cli.ingest --state WA --game pick3 --start 2012-01-01 --end 2012-12-31 --source lottery.net,"Initializing database...

Ingest: state=WA game=pick3 source=lottery.net 2012-01-01..2012-12-31

--- Ingest Summary ---
  Tasks run:            1
  Raw results fetched:  362
  Observations written: 362
  Reconcile — accepted:         362
  Reconcile — duplicate:        0
  Reconcile — conflict (new):   0
  Reconcile — conflict (kept):  0
  Reconcile — errors:           0","2026-04-12 19:30:41 INFO     sources.lottery_net:   lottery.net: 30 rows  WA/pick3/evening  2012/04  [pick-3]
2026-04-12 19:30:41 INFO     sources.base: Fetching SourceName.LOTTERY_NET | WA | pick3 | 2012/05
2026-04-12 19:30:41 INFO     sources.lottery_net:   lottery.net: 28 rows  WA/pick3/evening  2012/05  [pick-3]
2026-04-12 19:30:41 INFO     sources.base: Fetching SourceName.LOTTERY_NET | WA | pick3 | 2012/06
2026-04-12 19:30:41 INFO     sources.lottery_net:   lottery.net: 29 rows  WA/pick3/evening  2012/06  [pick-3]
2026-04-12 19:30:41 INFO     sources.base: Fetching SourceName.LOTTERY_NET | WA | pick3 | 2012/07
2026-04-12 19:30:41 INFO     sources.lottery_net:   lottery.net: 31 rows  WA/pick3/evening  2012/07  [pick-3]
2026-04-12 19:30:41 INFO     sources.base: Fetching SourceName.LOTTERY_NET | WA | pick3 | 2012/08
2026-04-12 19:30:41 INFO     sources.lottery_net:   lottery.net: 31 rows  WA/pick3/evening  2012/08  [pick-3]
2026-04-12 19:30:41 INFO     sources.base: Fetching SourceName.LOTTERY_NET | WA | pick3 | 2012/09
2026-04-12 19:30:41 INFO     sources.lottery_net:   lottery.net: 30 rows  WA/pick3/evening  2012/09  [pick-3]
2026-04-12 19:30:41 INFO     sources.base: Fetching SourceName.LOTTERY_NET | WA | pick3 | 2012/10
2026-04-12 19:30:41 INFO     sources.lottery_net:   lottery.net: 31 rows  WA/pick3/evening  2012/10  [pick-3]
2026-04-12 19:30:41 INFO     sources.base: Fetching SourceName.LOTTERY_NET | WA | pick3 | 2012/11
2026-04-12 19:30:41 INFO     sources.lottery_net:   lottery.net: 30 rows  WA/pick3/evening  2012/11  [pick-3]
2026-04-12 19:30:41 INFO     sources.base: Fetching SourceName.LOTTERY_NET | WA | pick3 | 2012/12
2026-04-12 19:30:41 INFO     sources.lottery_net:   lottery.net: 31 rows  WA/pick3/evening  2012/12  [pick-3]
2026-04-12 19:30:41 INFO     orchestrator.runner: Running reconciliation...
2026-04-12 19:30:41 INFO     orchestrator.reconciler: Reconciliation complete: {'accepted': 362, 'duplicate': 0, 'conflict_new_wins': 0, 'conflict_existing_wins': 0, 'errors': 0}
2026-04-12 19:30:41 INFO     orchestrator.runner: Ingest complete: {'tasks_run': 1, 'raw_results': 362, 'observations_written': 362, 'reconcile_stats': {'accepted': 362, 'duplicate': 0, 'conflict_new_wins': 0, 'conflict_existing_wins': 0, 'errors': 0}}"
WA,pick4,2012,ingested,ingest_success,0,/workspaces/lottery-engine/.venv/bin/python -m cli.ingest --state WA --game pick4 --start 2012-01-01 --end 2012-12-31 --source lottery.net,"Initializing database...

Ingest: state=WA game=pick4 source=lottery.net 2012-01-01..2012-12-31

--- Ingest Summary ---
  Tasks run:            1
  Raw results fetched:  8
  Observations written: 8
  Reconcile — accepted:         8
  Reconcile — duplicate:        0
  Reconcile — conflict (new):   0
  Reconcile — conflict (kept):  0
  Reconcile — errors:           0","2026-04-12 19:30:43 INFO     sources.lottery_net:   lottery.net: 1 rows  WA/pick4/evening  2012/04  [match-4]
2026-04-12 19:30:43 INFO     sources.base: Fetching SourceName.LOTTERY_NET | WA | pick4 | 2012/05
2026-04-12 19:30:43 INFO     sources.lottery_net:   lottery.net: 1 rows  WA/pick4/evening  2012/05  [match-4]
2026-04-12 19:30:43 INFO     sources.base: Fetching SourceName.LOTTERY_NET | WA | pick4 | 2012/06
2026-04-12 19:30:43 INFO     sources.lottery_net:   lottery.net: 1 rows  WA/pick4/evening  2012/06  [match-4]
2026-04-12 19:30:43 INFO     sources.base: Fetching SourceName.LOTTERY_NET | WA | pick4 | 2012/07
2026-04-12 19:30:43 INFO     sources.lottery_net:   lottery.net: 1 rows  WA/pick4/evening  2012/07  [match-4]
2026-04-12 19:30:43 INFO     sources.base: Fetching SourceName.LOTTERY_NET | WA | pick4 | 2012/08
2026-04-12 19:30:43 INFO     sources.lottery_net:   lottery.net: 0 rows  WA/pick4/evening  2012/08  [match-4]
2026-04-12 19:30:43 INFO     sources.base: Fetching SourceName.LOTTERY_NET | WA | pick4 | 2012/09
2026-04-12 19:30:43 INFO     sources.lottery_net:   lottery.net: 0 rows  WA/pick4/evening  2012/09  [match-4]
2026-04-12 19:30:43 INFO     sources.base: Fetching SourceName.LOTTERY_NET | WA | pick4 | 2012/10
2026-04-12 19:30:43 INFO     sources.lottery_net:   lottery.net: 1 rows  WA/pick4/evening  2012/10  [match-4]
2026-04-12 19:30:43 INFO     sources.base: Fetching SourceName.LOTTERY_NET | WA | pick4 | 2012/11
2026-04-12 19:30:43 INFO     sources.lottery_net:   lottery.net: 1 rows  WA/pick4/evening  2012/11  [match-4]
2026-04-12 19:30:43 INFO     sources.base: Fetching SourceName.LOTTERY_NET | WA | pick4 | 2012/12
2026-04-12 19:30:43 INFO     sources.lottery_net:   lottery.net: 0 rows  WA/pick4/evening  2012/12  [match-4]
2026-04-12 19:30:43 INFO     orchestrator.runner: Running reconciliation...
2026-04-12 19:30:43 INFO     orchestrator.reconciler: Reconciliation complete: {'accepted': 8, 'duplicate': 0, 'conflict_new_wins': 0, 'conflict_existing_wins': 0, 'errors': 0}
2026-04-12 19:30:43 INFO     orchestrator.runner: Ingest complete: {'tasks_run': 1, 'raw_results': 8, 'observations_written': 8, 'reconcile_stats': {'accepted': 8, 'duplicate': 0, 'conflict_new_wins': 0, 'conflict_existing_wins': 0, 'errors': 0}}"
MA,pick3,2012,skipped,unsupported_registry_missing,1,/workspaces/lottery-engine/.venv/bin/python -m cli.validate_state --state MA --game pick3 --month 2012-01 --source lottery.net --dry-run,"    2 mappings across 1 source(s)
  ⚠ Slugs: ESTIMATED — verify before backfill  WARN
    2/2 mappings are ESTIMATED (unconfirmed on live site).
      check → https://www.lottery.net/massachusetts/numbers-midday/numbers/2024
      check → https://www.lottery.net/massachusetts/numbers-evening/numbers/2024
      Run: python -m cli.validate_state --state MA --game pick3 --month 2012-01 --source lottery.net --dry-run
  – Registry metadata                          SKIP
    REGISTRY_META not found in definition file

  ↳ WARN  (1 warning(s))

── 2. URL planning ──
  ✗ URL generation                             FAIL
    No tasks generated. Check lifecycle windows and source coverage years.
  ↳ FAIL  (1 check(s) failed)

══════════════════════════════════════════════════════════════
  RESULT: FAIL  (1 failure(s), 1 warning(s))
══════════════════════════════════════════════════════════════
  STATE=MA  GAME=pick3  MONTH=2012-01  SOURCE=lottery.net  RESULT=FAIL  REASON=""URL generation: No tasks generated. Check lifecycle windows and source coverage """,
MA,pick4,2012,ingested,ingest_success,0,/workspaces/lottery-engine/.venv/bin/python -m cli.ingest --state MA --game pick4 --start 2012-01-01 --end 2012-12-31 --source lottery.net,"Initializing database...

Ingest: state=MA game=pick4 source=lottery.net 2012-01-01..2012-12-31

--- Ingest Summary ---
  Tasks run:            2
  Raw results fetched:  732
  Observations written: 732
  Reconcile — accepted:         732
  Reconcile — duplicate:        0
  Reconcile — conflict (new):   0
  Reconcile — conflict (kept):  0
  Reconcile — errors:           0","2026-04-12 19:30:46 INFO     sources.lottery_net:   lottery.net: 30 rows  MA/pick4/midday  2012/04  [numbers-midday]
2026-04-12 19:30:46 INFO     sources.base: Fetching SourceName.LOTTERY_NET | MA | pick4 | 2012/05
2026-04-12 19:30:46 INFO     sources.lottery_net:   lottery.net: 31 rows  MA/pick4/midday  2012/05  [numbers-midday]
2026-04-12 19:30:46 INFO     sources.base: Fetching SourceName.LOTTERY_NET | MA | pick4 | 2012/06
2026-04-12 19:30:46 INFO     sources.lottery_net:   lottery.net: 30 rows  MA/pick4/midday  2012/06  [numbers-midday]
2026-04-12 19:30:46 INFO     sources.base: Fetching SourceName.LOTTERY_NET | MA | pick4 | 2012/07
2026-04-12 19:30:46 INFO     sources.lottery_net:   lottery.net: 31 rows  MA/pick4/midday  2012/07  [numbers-midday]
2026-04-12 19:30:46 INFO     sources.base: Fetching SourceName.LOTTERY_NET | MA | pick4 | 2012/08
2026-04-12 19:30:46 INFO     sources.lottery_net:   lottery.net: 31 rows  MA/pick4/midday  2012/08  [numbers-midday]
2026-04-12 19:30:46 INFO     sources.base: Fetching SourceName.LOTTERY_NET | MA | pick4 | 2012/09
2026-04-12 19:30:46 INFO     sources.lottery_net:   lottery.net: 30 rows  MA/pick4/midday  2012/09  [numbers-midday]
2026-04-12 19:30:46 INFO     sources.base: Fetching SourceName.LOTTERY_NET | MA | pick4 | 2012/10
2026-04-12 19:30:46 INFO     sources.lottery_net:   lottery.net: 31 rows  MA/pick4/midday  2012/10  [numbers-midday]
2026-04-12 19:30:46 INFO     sources.base: Fetching SourceName.LOTTERY_NET | MA | pick4 | 2012/11
2026-04-12 19:30:46 INFO     sources.lottery_net:   lottery.net: 30 rows  MA/pick4/midday  2012/11  [numbers-midday]
2026-04-12 19:30:46 INFO     sources.base: Fetching SourceName.LOTTERY_NET | MA | pick4 | 2012/12
2026-04-12 19:30:46 INFO     sources.lottery_net:   lottery.net: 31 rows  MA/pick4/midday  2012/12  [numbers-midday]
2026-04-12 19:30:46 INFO     orchestrator.runner: Running reconciliation...
2026-04-12 19:30:46 INFO     orchestrator.reconciler: Reconciliation complete: {'accepted': 732, 'duplicate': 0, 'conflict_new_wins': 0, 'conflict_existing_wins': 0, 'errors': 0}
2026-04-12 19:30:46 INFO     orchestrator.runner: Ingest complete: {'tasks_run': 2, 'raw_results': 732, 'observations_written': 732, 'reconcile_stats': {'accepted': 732, 'duplicate': 0, 'conflict_new_wins': 0, 'conflict_existing_wins': 0, 'errors': 0}}"
CT,pick3,2012,ingested,ingest_success,0,/workspaces/lottery-engine/.venv/bin/python -m cli.ingest --state CT --game pick3 --start 2012-01-01 --end 2012-12-31 --source lottery.net,"Initializing database...

Ingest: state=CT game=pick3 source=lottery.net 2012-01-01..2012-12-31

--- Ingest Summary ---
  Tasks run:            2
  Raw results fetched:  0
  Observations written: 0
  Reconcile — accepted:         0
  Reconcile — duplicate:        0
  Reconcile — conflict (new):   0
  Reconcile — conflict (kept):  0
  Reconcile — errors:           0","2026-04-12 19:30:49 INFO     sources.lottery_net:   lottery.net: 0 rows  CT/pick3/midday  2012/04  [play-3-midday]
2026-04-12 19:30:49 INFO     sources.base: Fetching SourceName.LOTTERY_NET | CT | pick3 | 2012/05
2026-04-12 19:30:49 INFO     sources.lottery_net:   lottery.net: 0 rows  CT/pick3/midday  2012/05  [play-3-midday]
2026-04-12 19:30:49 INFO     sources.base: Fetching SourceName.LOTTERY_NET | CT | pick3 | 2012/06
2026-04-12 19:30:49 INFO     sources.lottery_net:   lottery.net: 0 rows  CT/pick3/midday  2012/06  [play-3-midday]
2026-04-12 19:30:49 INFO     sources.base: Fetching SourceName.LOTTERY_NET | CT | pick3 | 2012/07
2026-04-12 19:30:49 INFO     sources.lottery_net:   lottery.net: 0 rows  CT/pick3/midday  2012/07  [play-3-midday]
2026-04-12 19:30:49 INFO     sources.base: Fetching SourceName.LOTTERY_NET | CT | pick3 | 2012/08
2026-04-12 19:30:49 INFO     sources.lottery_net:   lottery.net: 0 rows  CT/pick3/midday  2012/08  [play-3-midday]
2026-04-12 19:30:49 INFO     sources.base: Fetching SourceName.LOTTERY_NET | CT | pick3 | 2012/09
2026-04-12 19:30:49 INFO     sources.lottery_net:   lottery.net: 0 rows  CT/pick3/midday  2012/09  [play-3-midday]
2026-04-12 19:30:49 INFO     sources.base: Fetching SourceName.LOTTERY_NET | CT | pick3 | 2012/10
2026-04-12 19:30:49 INFO     sources.lottery_net:   lottery.net: 0 rows  CT/pick3/midday  2012/10  [play-3-midday]
2026-04-12 19:30:49 INFO     sources.base: Fetching SourceName.LOTTERY_NET | CT | pick3 | 2012/11
2026-04-12 19:30:49 INFO     sources.lottery_net:   lottery.net: 0 rows  CT/pick3/midday  2012/11  [play-3-midday]
2026-04-12 19:30:49 INFO     sources.base: Fetching SourceName.LOTTERY_NET | CT | pick3 | 2012/12
2026-04-12 19:30:49 INFO     sources.lottery_net:   lottery.net: 0 rows  CT/pick3/midday  2012/12  [play-3-midday]
2026-04-12 19:30:49 INFO     orchestrator.runner: Running reconciliation...
2026-04-12 19:30:49 INFO     orchestrator.reconciler: Reconciliation complete: {'accepted': 0, 'duplicate': 0, 'conflict_new_wins': 0, 'conflict_existing_wins': 0, 'errors': 0}
2026-04-12 19:30:49 INFO     orchestrator.runner: Ingest complete: {'tasks_run': 2, 'raw_results': 0, 'observations_written': 0, 'reconcile_stats': {'accepted': 0, 'duplicate': 0, 'conflict_new_wins': 0, 'conflict_existing_wins': 0, 'errors': 0}}"
CT,pick4,2012,ingested,ingest_success,0,/workspaces/lottery-engine/.venv/bin/python -m cli.ingest --state CT --game pick4 --start 2012-01-01 --end 2012-12-31 --source lottery.net,"Initializing database...

Ingest: state=CT game=pick4 source=lottery.net 2012-01-01..2012-12-31

--- Ingest Summary ---
  Tasks run:            2
  Raw results fetched:  0
  Observations written: 0
  Reconcile — accepted:         0
  Reconcile — duplicate:        0
  Reconcile — conflict (new):   0
  Reconcile — conflict (kept):  0
  Reconcile — errors:           0","2026-04-12 19:30:51 INFO     sources.lottery_net:   lottery.net: 0 rows  CT/pick4/midday  2012/04  [play-4-midday]
2026-04-12 19:30:51 INFO     sources.base: Fetching SourceName.LOTTERY_NET | CT | pick4 | 2012/05
2026-04-12 19:30:51 INFO     sources.lottery_net:   lottery.net: 0 rows  CT/pick4/midday  2012/05  [play-4-midday]
2026-04-12 19:30:51 INFO     sources.base: Fetching SourceName.LOTTERY_NET | CT | pick4 | 2012/06
2026-04-12 19:30:51 INFO     sources.lottery_net:   lottery.net: 0 rows  CT/pick4/midday  2012/06  [play-4-midday]
2026-04-12 19:30:51 INFO     sources.base: Fetching SourceName.LOTTERY_NET | CT | pick4 | 2012/07
2026-04-12 19:30:51 INFO     sources.lottery_net:   lottery.net: 0 rows  CT/pick4/midday  2012/07  [play-4-midday]
2026-04-12 19:30:51 INFO     sources.base: Fetching SourceName.LOTTERY_NET | CT | pick4 | 2012/08
2026-04-12 19:30:51 INFO     sources.lottery_net:   lottery.net: 0 rows  CT/pick4/midday  2012/08  [play-4-midday]
2026-04-12 19:30:51 INFO     sources.base: Fetching SourceName.LOTTERY_NET | CT | pick4 | 2012/09
2026-04-12 19:30:51 INFO     sources.lottery_net:   lottery.net: 0 rows  CT/pick4/midday  2012/09  [play-4-midday]
2026-04-12 19:30:51 INFO     sources.base: Fetching SourceName.LOTTERY_NET | CT | pick4 | 2012/10
2026-04-12 19:30:51 INFO     sources.lottery_net:   lottery.net: 0 rows  CT/pick4/midday  2012/10  [play-4-midday]
2026-04-12 19:30:51 INFO     sources.base: Fetching SourceName.LOTTERY_NET | CT | pick4 | 2012/11
2026-04-12 19:30:51 INFO     sources.lottery_net:   lottery.net: 0 rows  CT/pick4/midday  2012/11  [play-4-midday]
2026-04-12 19:30:51 INFO     sources.base: Fetching SourceName.LOTTERY_NET | CT | pick4 | 2012/12
2026-04-12 19:30:51 INFO     sources.lottery_net:   lottery.net: 0 rows  CT/pick4/midday  2012/12  [play-4-midday]
2026-04-12 19:30:51 INFO     orchestrator.runner: Running reconciliation...
2026-04-12 19:30:51 INFO     orchestrator.reconciler: Reconciliation complete: {'accepted': 0, 'duplicate': 0, 'conflict_new_wins': 0, 'conflict_existing_wins': 0, 'errors': 0}
2026-04-12 19:30:51 INFO     orchestrator.runner: Ingest complete: {'tasks_run': 2, 'raw_results': 0, 'observations_written': 0, 'reconcile_stats': {'accepted': 0, 'duplicate': 0, 'conflict_new_wins': 0, 'conflict_existing_wins': 0, 'errors': 0}}"
DE,pick3,2012,ingested,ingest_success,0,/workspaces/lottery-engine/.venv/bin/python -m cli.ingest --state DE --game pick3 --start 2012-01-01 --end 2012-12-31 --source lottery.net,"Initializing database...

Ingest: state=DE game=pick3 source=lottery.net 2012-01-01..2012-12-31

--- Ingest Summary ---
  Tasks run:            2
  Raw results fetched:  0
  Observations written: 0
  Reconcile — accepted:         0
  Reconcile — duplicate:        0
  Reconcile — conflict (new):   0
  Reconcile — conflict (kept):  0
  Reconcile — errors:           0","2026-04-12 19:30:53 INFO     sources.lottery_net:   lottery.net: 0 rows  DE/pick3/midday  2012/04  [pick-3-midday]
2026-04-12 19:30:53 INFO     sources.base: Fetching SourceName.LOTTERY_NET | DE | pick3 | 2012/05
2026-04-12 19:30:53 INFO     sources.lottery_net:   lottery.net: 0 rows  DE/pick3/midday  2012/05  [pick-3-midday]
2026-04-12 19:30:53 INFO     sources.base: Fetching SourceName.LOTTERY_NET | DE | pick3 | 2012/06
2026-04-12 19:30:53 INFO     sources.lottery_net:   lottery.net: 0 rows  DE/pick3/midday  2012/06  [pick-3-midday]
2026-04-12 19:30:53 INFO     sources.base: Fetching SourceName.LOTTERY_NET | DE | pick3 | 2012/07
2026-04-12 19:30:53 INFO     sources.lottery_net:   lottery.net: 0 rows  DE/pick3/midday  2012/07  [pick-3-midday]
2026-04-12 19:30:53 INFO     sources.base: Fetching SourceName.LOTTERY_NET | DE | pick3 | 2012/08
2026-04-12 19:30:53 INFO     sources.lottery_net:   lottery.net: 0 rows  DE/pick3/midday  2012/08  [pick-3-midday]
2026-04-12 19:30:53 INFO     sources.base: Fetching SourceName.LOTTERY_NET | DE | pick3 | 2012/09
2026-04-12 19:30:53 INFO     sources.lottery_net:   lottery.net: 0 rows  DE/pick3/midday  2012/09  [pick-3-midday]
2026-04-12 19:30:53 INFO     sources.base: Fetching SourceName.LOTTERY_NET | DE | pick3 | 2012/10
2026-04-12 19:30:53 INFO     sources.lottery_net:   lottery.net: 0 rows  DE/pick3/midday  2012/10  [pick-3-midday]
2026-04-12 19:30:53 INFO     sources.base: Fetching SourceName.LOTTERY_NET | DE | pick3 | 2012/11
2026-04-12 19:30:53 INFO     sources.lottery_net:   lottery.net: 0 rows  DE/pick3/midday  2012/11  [pick-3-midday]
2026-04-12 19:30:53 INFO     sources.base: Fetching SourceName.LOTTERY_NET | DE | pick3 | 2012/12
2026-04-12 19:30:53 INFO     sources.lottery_net:   lottery.net: 0 rows  DE/pick3/midday  2012/12  [pick-3-midday]
2026-04-12 19:30:53 INFO     orchestrator.runner: Running reconciliation...
2026-04-12 19:30:53 INFO     orchestrator.reconciler: Reconciliation complete: {'accepted': 0, 'duplicate': 0, 'conflict_new_wins': 0, 'conflict_existing_wins': 0, 'errors': 0}
2026-04-12 19:30:53 INFO     orchestrator.runner: Ingest complete: {'tasks_run': 2, 'raw_results': 0, 'observations_written': 0, 'reconcile_stats': {'accepted': 0, 'duplicate': 0, 'conflict_new_wins': 0, 'conflict_existing_wins': 0, 'errors': 0}}"
DE,pick4,2012,ingested,ingest_success,0,/workspaces/lottery-engine/.venv/bin/python -m cli.ingest --state DE --game pick4 --start 2012-01-01 --end 2012-12-31 --source lottery.net,"Initializing database...

Ingest: state=DE game=pick4 source=lottery.net 2012-01-01..2012-12-31

--- Ingest Summary ---
  Tasks run:            2
  Raw results fetched:  0
  Observations written: 0
  Reconcile — accepted:         0
  Reconcile — duplicate:        0
  Reconcile — conflict (new):   0
  Reconcile — conflict (kept):  0
  Reconcile — errors:           0","2026-04-12 19:30:55 INFO     sources.lottery_net:   lottery.net: 0 rows  DE/pick4/midday  2012/04  [pick-4-midday]
2026-04-12 19:30:55 INFO     sources.base: Fetching SourceName.LOTTERY_NET | DE | pick4 | 2012/05
2026-04-12 19:30:55 INFO     sources.lottery_net:   lottery.net: 0 rows  DE/pick4/midday  2012/05  [pick-4-midday]
2026-04-12 19:30:55 INFO     sources.base: Fetching SourceName.LOTTERY_NET | DE | pick4 | 2012/06
2026-04-12 19:30:55 INFO     sources.lottery_net:   lottery.net: 0 rows  DE/pick4/midday  2012/06  [pick-4-midday]
2026-04-12 19:30:55 INFO     sources.base: Fetching SourceName.LOTTERY_NET | DE | pick4 | 2012/07
2026-04-12 19:30:55 INFO     sources.lottery_net:   lottery.net: 0 rows  DE/pick4/midday  2012/07  [pick-4-midday]
2026-04-12 19:30:55 INFO     sources.base: Fetching SourceName.LOTTERY_NET | DE | pick4 | 2012/08
2026-04-12 19:30:55 INFO     sources.lottery_net:   lottery.net: 0 rows  DE/pick4/midday  2012/08  [pick-4-midday]
2026-04-12 19:30:55 INFO     sources.base: Fetching SourceName.LOTTERY_NET | DE | pick4 | 2012/09
2026-04-12 19:30:55 INFO     sources.lottery_net:   lottery.net: 0 rows  DE/pick4/midday  2012/09  [pick-4-midday]
2026-04-12 19:30:55 INFO     sources.base: Fetching SourceName.LOTTERY_NET | DE | pick4 | 2012/10
2026-04-12 19:30:55 INFO     sources.lottery_net:   lottery.net: 0 rows  DE/pick4/midday  2012/10  [pick-4-midday]
2026-04-12 19:30:55 INFO     sources.base: Fetching SourceName.LOTTERY_NET | DE | pick4 | 2012/11
2026-04-12 19:30:55 INFO     sources.lottery_net:   lottery.net: 0 rows  DE/pick4/midday  2012/11  [pick-4-midday]
2026-04-12 19:30:55 INFO     sources.base: Fetching SourceName.LOTTERY_NET | DE | pick4 | 2012/12
2026-04-12 19:30:55 INFO     sources.lottery_net:   lottery.net: 0 rows  DE/pick4/midday  2012/12  [pick-4-midday]
2026-04-12 19:30:55 INFO     orchestrator.runner: Running reconciliation...
2026-04-12 19:30:55 INFO     orchestrator.reconciler: Reconciliation complete: {'accepted': 0, 'duplicate': 0, 'conflict_new_wins': 0, 'conflict_existing_wins': 0, 'errors': 0}
2026-04-12 19:30:55 INFO     orchestrator.runner: Ingest complete: {'tasks_run': 2, 'raw_results': 0, 'observations_written': 0, 'reconcile_stats': {'accepted': 0, 'duplicate': 0, 'conflict_new_wins': 0, 'conflict_existing_wins': 0, 'errors': 0}}"
IN,pick3,2012,ingested,ingest_success,0,/workspaces/lottery-engine/.venv/bin/python -m cli.ingest --state IN --game pick3 --start 2012-01-01 --end 2012-12-31 --source lottery.net,"Initializing database...

Ingest: state=IN game=pick3 source=lottery.net 2012-01-01..2012-12-31

--- Ingest Summary ---
  Tasks run:            2
  Raw results fetched:  674
  Observations written: 674
  Reconcile — accepted:         674
  Reconcile — duplicate:        0
  Reconcile — conflict (new):   0
  Reconcile — conflict (kept):  0
  Reconcile — errors:           0","2026-04-12 19:30:58 INFO     sources.lottery_net:   lottery.net: 25 rows  IN/pick3/midday  2012/04  [daily-3-midday]
2026-04-12 19:30:58 INFO     sources.base: Fetching SourceName.LOTTERY_NET | IN | pick3 | 2012/05
2026-04-12 19:30:58 INFO     sources.lottery_net:   lottery.net: 26 rows  IN/pick3/midday  2012/05  [daily-3-midday]
2026-04-12 19:30:58 INFO     sources.base: Fetching SourceName.LOTTERY_NET | IN | pick3 | 2012/06
2026-04-12 19:30:58 INFO     sources.lottery_net:   lottery.net: 26 rows  IN/pick3/midday  2012/06  [daily-3-midday]
2026-04-12 19:30:58 INFO     sources.base: Fetching SourceName.LOTTERY_NET | IN | pick3 | 2012/07
2026-04-12 19:30:58 INFO     sources.lottery_net:   lottery.net: 26 rows  IN/pick3/midday  2012/07  [daily-3-midday]
2026-04-12 19:30:58 INFO     sources.base: Fetching SourceName.LOTTERY_NET | IN | pick3 | 2012/08
2026-04-12 19:30:58 INFO     sources.lottery_net:   lottery.net: 27 rows  IN/pick3/midday  2012/08  [daily-3-midday]
2026-04-12 19:30:58 INFO     sources.base: Fetching SourceName.LOTTERY_NET | IN | pick3 | 2012/09
2026-04-12 19:30:58 INFO     sources.lottery_net:   lottery.net: 25 rows  IN/pick3/midday  2012/09  [daily-3-midday]
2026-04-12 19:30:58 INFO     sources.base: Fetching SourceName.LOTTERY_NET | IN | pick3 | 2012/10
2026-04-12 19:30:58 INFO     sources.lottery_net:   lottery.net: 27 rows  IN/pick3/midday  2012/10  [daily-3-midday]
2026-04-12 19:30:58 INFO     sources.base: Fetching SourceName.LOTTERY_NET | IN | pick3 | 2012/11
2026-04-12 19:30:58 INFO     sources.lottery_net:   lottery.net: 26 rows  IN/pick3/midday  2012/11  [daily-3-midday]
2026-04-12 19:30:58 INFO     sources.base: Fetching SourceName.LOTTERY_NET | IN | pick3 | 2012/12
2026-04-12 19:30:58 INFO     sources.lottery_net:   lottery.net: 26 rows  IN/pick3/midday  2012/12  [daily-3-midday]
2026-04-12 19:30:58 INFO     orchestrator.runner: Running reconciliation...
2026-04-12 19:30:58 INFO     orchestrator.reconciler: Reconciliation complete: {'accepted': 674, 'duplicate': 0, 'conflict_new_wins': 0, 'conflict_existing_wins': 0, 'errors': 0}
2026-04-12 19:30:58 INFO     orchestrator.runner: Ingest complete: {'tasks_run': 2, 'raw_results': 674, 'observations_written': 674, 'reconcile_stats': {'accepted': 674, 'duplicate': 0, 'conflict_new_wins': 0, 'conflict_existing_wins': 0, 'errors': 0}}"
IN,pick4,2012,ingested,ingest_success,0,/workspaces/lottery-engine/.venv/bin/python -m cli.ingest --state IN --game pick4 --start 2012-01-01 --end 2012-12-31 --source lottery.net,"Initializing database...

Ingest: state=IN game=pick4 source=lottery.net 2012-01-01..2012-12-31

--- Ingest Summary ---
  Tasks run:            2
  Raw results fetched:  674
  Observations written: 674
  Reconcile — accepted:         674
  Reconcile — duplicate:        0
  Reconcile — conflict (new):   0
  Reconcile — conflict (kept):  0
  Reconcile — errors:           0","2026-04-12 19:31:01 INFO     sources.lottery_net:   lottery.net: 25 rows  IN/pick4/midday  2012/04  [daily-4-midday]
2026-04-12 19:31:01 INFO     sources.base: Fetching SourceName.LOTTERY_NET | IN | pick4 | 2012/05
2026-04-12 19:31:01 INFO     sources.lottery_net:   lottery.net: 26 rows  IN/pick4/midday  2012/05  [daily-4-midday]
2026-04-12 19:31:01 INFO     sources.base: Fetching SourceName.LOTTERY_NET | IN | pick4 | 2012/06
2026-04-12 19:31:01 INFO     sources.lottery_net:   lottery.net: 26 rows  IN/pick4/midday  2012/06  [daily-4-midday]
2026-04-12 19:31:01 INFO     sources.base: Fetching SourceName.LOTTERY_NET | IN | pick4 | 2012/07
2026-04-12 19:31:01 INFO     sources.lottery_net:   lottery.net: 26 rows  IN/pick4/midday  2012/07  [daily-4-midday]
2026-04-12 19:31:01 INFO     sources.base: Fetching SourceName.LOTTERY_NET | IN | pick4 | 2012/08
2026-04-12 19:31:01 INFO     sources.lottery_net:   lottery.net: 27 rows  IN/pick4/midday  2012/08  [daily-4-midday]
2026-04-12 19:31:01 INFO     sources.base: Fetching SourceName.LOTTERY_NET | IN | pick4 | 2012/09
2026-04-12 19:31:01 INFO     sources.lottery_net:   lottery.net: 25 rows  IN/pick4/midday  2012/09  [daily-4-midday]
2026-04-12 19:31:01 INFO     sources.base: Fetching SourceName.LOTTERY_NET | IN | pick4 | 2012/10
2026-04-12 19:31:01 INFO     sources.lottery_net:   lottery.net: 27 rows  IN/pick4/midday  2012/10  [daily-4-midday]
2026-04-12 19:31:01 INFO     sources.base: Fetching SourceName.LOTTERY_NET | IN | pick4 | 2012/11
2026-04-12 19:31:01 INFO     sources.lottery_net:   lottery.net: 26 rows  IN/pick4/midday  2012/11  [daily-4-midday]
2026-04-12 19:31:01 INFO     sources.base: Fetching SourceName.LOTTERY_NET | IN | pick4 | 2012/12
2026-04-12 19:31:01 INFO     sources.lottery_net:   lottery.net: 26 rows  IN/pick4/midday  2012/12  [daily-4-midday]
2026-04-12 19:31:01 INFO     orchestrator.runner: Running reconciliation...
2026-04-12 19:31:02 INFO     orchestrator.reconciler: Reconciliation complete: {'accepted': 674, 'duplicate': 0, 'conflict_new_wins': 0, 'conflict_existing_wins': 0, 'errors': 0}
2026-04-12 19:31:02 INFO     orchestrator.runner: Ingest complete: {'tasks_run': 2, 'raw_results': 674, 'observations_written': 674, 'reconcile_stats': {'accepted': 674, 'duplicate': 0, 'conflict_new_wins': 0, 'conflict_existing_wins': 0, 'errors': 0}}"
MD,pick3,2012,ingested,ingest_success,0,/workspaces/lottery-engine/.venv/bin/python -m cli.ingest --state MD --game pick3 --start 2012-01-01 --end 2012-12-31 --source lottery.net,"Initializing database...

Ingest: state=MD game=pick3 source=lottery.net 2012-01-01..2012-12-31

--- Ingest Summary ---
  Tasks run:            2
  Raw results fetched:  727
  Observations written: 727
  Reconcile — accepted:         727
  Reconcile — duplicate:        0
  Reconcile — conflict (new):   0
  Reconcile — conflict (kept):  0
  Reconcile — errors:           0","2026-04-12 19:31:04 INFO     sources.lottery_net:   lottery.net: 30 rows  MD/pick3/midday  2012/04  [pick-3-midday]
2026-04-12 19:31:04 INFO     sources.base: Fetching SourceName.LOTTERY_NET | MD | pick3 | 2012/05
2026-04-12 19:31:04 INFO     sources.lottery_net:   lottery.net: 29 rows  MD/pick3/midday  2012/05  [pick-3-midday]
2026-04-12 19:31:04 INFO     sources.base: Fetching SourceName.LOTTERY_NET | MD | pick3 | 2012/06
2026-04-12 19:31:04 INFO     sources.lottery_net:   lottery.net: 30 rows  MD/pick3/midday  2012/06  [pick-3-midday]
2026-04-12 19:31:04 INFO     sources.base: Fetching SourceName.LOTTERY_NET | MD | pick3 | 2012/07
2026-04-12 19:31:04 INFO     sources.lottery_net:   lottery.net: 31 rows  MD/pick3/midday  2012/07  [pick-3-midday]
2026-04-12 19:31:04 INFO     sources.base: Fetching SourceName.LOTTERY_NET | MD | pick3 | 2012/08
2026-04-12 19:31:04 INFO     sources.lottery_net:   lottery.net: 31 rows  MD/pick3/midday  2012/08  [pick-3-midday]
2026-04-12 19:31:04 INFO     sources.base: Fetching SourceName.LOTTERY_NET | MD | pick3 | 2012/09
2026-04-12 19:31:04 INFO     sources.lottery_net:   lottery.net: 30 rows  MD/pick3/midday  2012/09  [pick-3-midday]
2026-04-12 19:31:04 INFO     sources.base: Fetching SourceName.LOTTERY_NET | MD | pick3 | 2012/10
2026-04-12 19:31:04 INFO     sources.lottery_net:   lottery.net: 31 rows  MD/pick3/midday  2012/10  [pick-3-midday]
2026-04-12 19:31:04 INFO     sources.base: Fetching SourceName.LOTTERY_NET | MD | pick3 | 2012/11
2026-04-12 19:31:04 INFO     sources.lottery_net:   lottery.net: 30 rows  MD/pick3/midday  2012/11  [pick-3-midday]
2026-04-12 19:31:04 INFO     sources.base: Fetching SourceName.LOTTERY_NET | MD | pick3 | 2012/12
2026-04-12 19:31:04 INFO     sources.lottery_net:   lottery.net: 31 rows  MD/pick3/midday  2012/12  [pick-3-midday]
2026-04-12 19:31:04 INFO     orchestrator.runner: Running reconciliation...
2026-04-12 19:31:05 INFO     orchestrator.reconciler: Reconciliation complete: {'accepted': 727, 'duplicate': 0, 'conflict_new_wins': 0, 'conflict_existing_wins': 0, 'errors': 0}
2026-04-12 19:31:05 INFO     orchestrator.runner: Ingest complete: {'tasks_run': 2, 'raw_results': 727, 'observations_written': 727, 'reconcile_stats': {'accepted': 727, 'duplicate': 0, 'conflict_new_wins': 0, 'conflict_existing_wins': 0, 'errors': 0}}"
MD,pick4,2012,ingested,ingest_success,0,/workspaces/lottery-engine/.venv/bin/python -m cli.ingest --state MD --game pick4 --start 2012-01-01 --end 2012-12-31 --source lottery.net,"Initializing database...

Ingest: state=MD game=pick4 source=lottery.net 2012-01-01..2012-12-31

--- Ingest Summary ---
  Tasks run:            2
  Raw results fetched:  727
  Observations written: 727
  Reconcile — accepted:         727
  Reconcile — duplicate:        0
  Reconcile — conflict (new):   0
  Reconcile — conflict (kept):  0
  Reconcile — errors:           0","2026-04-12 19:31:08 INFO     sources.lottery_net:   lottery.net: 30 rows  MD/pick4/midday  2012/04  [pick-4-midday]
2026-04-12 19:31:08 INFO     sources.base: Fetching SourceName.LOTTERY_NET | MD | pick4 | 2012/05
2026-04-12 19:31:08 INFO     sources.lottery_net:   lottery.net: 29 rows  MD/pick4/midday  2012/05  [pick-4-midday]
2026-04-12 19:31:08 INFO     sources.base: Fetching SourceName.LOTTERY_NET | MD | pick4 | 2012/06
2026-04-12 19:31:08 INFO     sources.lottery_net:   lottery.net: 30 rows  MD/pick4/midday  2012/06  [pick-4-midday]
2026-04-12 19:31:08 INFO     sources.base: Fetching SourceName.LOTTERY_NET | MD | pick4 | 2012/07
2026-04-12 19:31:08 INFO     sources.lottery_net:   lottery.net: 31 rows  MD/pick4/midday  2012/07  [pick-4-midday]
2026-04-12 19:31:08 INFO     sources.base: Fetching SourceName.LOTTERY_NET | MD | pick4 | 2012/08
2026-04-12 19:31:08 INFO     sources.lottery_net:   lottery.net: 31 rows  MD/pick4/midday  2012/08  [pick-4-midday]
2026-04-12 19:31:08 INFO     sources.base: Fetching SourceName.LOTTERY_NET | MD | pick4 | 2012/09
2026-04-12 19:31:08 INFO     sources.lottery_net:   lottery.net: 30 rows  MD/pick4/midday  2012/09  [pick-4-midday]
2026-04-12 19:31:08 INFO     sources.base: Fetching SourceName.LOTTERY_NET | MD | pick4 | 2012/10
2026-04-12 19:31:08 INFO     sources.lottery_net:   lottery.net: 31 rows  MD/pick4/midday  2012/10  [pick-4-midday]
2026-04-12 19:31:08 INFO     sources.base: Fetching SourceName.LOTTERY_NET | MD | pick4 | 2012/11
2026-04-12 19:31:08 INFO     sources.lottery_net:   lottery.net: 30 rows  MD/pick4/midday  2012/11  [pick-4-midday]
2026-04-12 19:31:08 INFO     sources.base: Fetching SourceName.LOTTERY_NET | MD | pick4 | 2012/12
2026-04-12 19:31:08 INFO     sources.lottery_net:   lottery.net: 31 rows  MD/pick4/midday  2012/12  [pick-4-midday]
2026-04-12 19:31:08 INFO     orchestrator.runner: Running reconciliation...
2026-04-12 19:31:09 INFO     orchestrator.reconciler: Reconciliation complete: {'accepted': 727, 'duplicate': 0, 'conflict_new_wins': 0, 'conflict_existing_wins': 0, 'errors': 0}
2026-04-12 19:31:09 INFO     orchestrator.runner: Ingest complete: {'tasks_run': 2, 'raw_results': 727, 'observations_written': 727, 'reconcile_stats': {'accepted': 727, 'duplicate': 0, 'conflict_new_wins': 0, 'conflict_existing_wins': 0, 'errors': 0}}"
SC,pick3,2012,ingested,ingest_success,0,/workspaces/lottery-engine/.venv/bin/python -m cli.ingest --state SC --game pick3 --start 2012-01-01 --end 2012-12-31 --source lottery.net,"Initializing database...

Ingest: state=SC game=pick3 source=lottery.net 2012-01-01..2012-12-31

--- Ingest Summary ---
  Tasks run:            2
  Raw results fetched:  678
  Observations written: 678
  Reconcile — accepted:         678
  Reconcile — duplicate:        0
  Reconcile — conflict (new):   0
  Reconcile — conflict (kept):  0
  Reconcile — errors:           0","2026-04-12 19:31:12 INFO     sources.lottery_net:   lottery.net: 25 rows  SC/pick3/midday  2012/04  [pick-3-midday]
2026-04-12 19:31:12 INFO     sources.base: Fetching SourceName.LOTTERY_NET | SC | pick3 | 2012/05
2026-04-12 19:31:12 INFO     sources.lottery_net:   lottery.net: 27 rows  SC/pick3/midday  2012/05  [pick-3-midday]
2026-04-12 19:31:12 INFO     sources.base: Fetching SourceName.LOTTERY_NET | SC | pick3 | 2012/06
2026-04-12 19:31:12 INFO     sources.lottery_net:   lottery.net: 26 rows  SC/pick3/midday  2012/06  [pick-3-midday]
2026-04-12 19:31:12 INFO     sources.base: Fetching SourceName.LOTTERY_NET | SC | pick3 | 2012/07
2026-04-12 19:31:12 INFO     sources.lottery_net:   lottery.net: 26 rows  SC/pick3/midday  2012/07  [pick-3-midday]
2026-04-12 19:31:12 INFO     sources.base: Fetching SourceName.LOTTERY_NET | SC | pick3 | 2012/08
2026-04-12 19:31:12 INFO     sources.lottery_net:   lottery.net: 27 rows  SC/pick3/midday  2012/08  [pick-3-midday]
2026-04-12 19:31:12 INFO     sources.base: Fetching SourceName.LOTTERY_NET | SC | pick3 | 2012/09
2026-04-12 19:31:12 INFO     sources.lottery_net:   lottery.net: 25 rows  SC/pick3/midday  2012/09  [pick-3-midday]
2026-04-12 19:31:12 INFO     sources.base: Fetching SourceName.LOTTERY_NET | SC | pick3 | 2012/10
2026-04-12 19:31:12 INFO     sources.lottery_net:   lottery.net: 27 rows  SC/pick3/midday  2012/10  [pick-3-midday]
2026-04-12 19:31:12 INFO     sources.base: Fetching SourceName.LOTTERY_NET | SC | pick3 | 2012/11
2026-04-12 19:31:12 INFO     sources.lottery_net:   lottery.net: 26 rows  SC/pick3/midday  2012/11  [pick-3-midday]
2026-04-12 19:31:12 INFO     sources.base: Fetching SourceName.LOTTERY_NET | SC | pick3 | 2012/12
2026-04-12 19:31:12 INFO     sources.lottery_net:   lottery.net: 25 rows  SC/pick3/midday  2012/12  [pick-3-midday]
2026-04-12 19:31:12 INFO     orchestrator.runner: Running reconciliation...
2026-04-12 19:31:12 INFO     orchestrator.reconciler: Reconciliation complete: {'accepted': 678, 'duplicate': 0, 'conflict_new_wins': 0, 'conflict_existing_wins': 0, 'errors': 0}
2026-04-12 19:31:12 INFO     orchestrator.runner: Ingest complete: {'tasks_run': 2, 'raw_results': 678, 'observations_written': 678, 'reconcile_stats': {'accepted': 678, 'duplicate': 0, 'conflict_new_wins': 0, 'conflict_existing_wins': 0, 'errors': 0}}"
SC,pick4,2012,ingested,ingest_success,0,/workspaces/lottery-engine/.venv/bin/python -m cli.ingest --state SC --game pick4 --start 2012-01-01 --end 2012-12-31 --source lottery.net,"Initializing database...

Ingest: state=SC game=pick4 source=lottery.net 2012-01-01..2012-12-31

--- Ingest Summary ---
  Tasks run:            2
  Raw results fetched:  678
  Observations written: 678
  Reconcile — accepted:         678
  Reconcile — duplicate:        0
  Reconcile — conflict (new):   0
  Reconcile — conflict (kept):  0
  Reconcile — errors:           0","2026-04-12 19:31:15 INFO     sources.lottery_net:   lottery.net: 25 rows  SC/pick4/midday  2012/04  [pick-4-midday]
2026-04-12 19:31:15 INFO     sources.base: Fetching SourceName.LOTTERY_NET | SC | pick4 | 2012/05
2026-04-12 19:31:15 INFO     sources.lottery_net:   lottery.net: 27 rows  SC/pick4/midday  2012/05  [pick-4-midday]
2026-04-12 19:31:15 INFO     sources.base: Fetching SourceName.LOTTERY_NET | SC | pick4 | 2012/06
2026-04-12 19:31:15 INFO     sources.lottery_net:   lottery.net: 26 rows  SC/pick4/midday  2012/06  [pick-4-midday]
2026-04-12 19:31:15 INFO     sources.base: Fetching SourceName.LOTTERY_NET | SC | pick4 | 2012/07
2026-04-12 19:31:15 INFO     sources.lottery_net:   lottery.net: 26 rows  SC/pick4/midday  2012/07  [pick-4-midday]
2026-04-12 19:31:15 INFO     sources.base: Fetching SourceName.LOTTERY_NET | SC | pick4 | 2012/08
2026-04-12 19:31:15 INFO     sources.lottery_net:   lottery.net: 27 rows  SC/pick4/midday  2012/08  [pick-4-midday]
2026-04-12 19:31:15 INFO     sources.base: Fetching SourceName.LOTTERY_NET | SC | pick4 | 2012/09
2026-04-12 19:31:15 INFO     sources.lottery_net:   lottery.net: 25 rows  SC/pick4/midday  2012/09  [pick-4-midday]
2026-04-12 19:31:15 INFO     sources.base: Fetching SourceName.LOTTERY_NET | SC | pick4 | 2012/10
2026-04-12 19:31:15 INFO     sources.lottery_net:   lottery.net: 27 rows  SC/pick4/midday  2012/10  [pick-4-midday]
2026-04-12 19:31:15 INFO     sources.base: Fetching SourceName.LOTTERY_NET | SC | pick4 | 2012/11
2026-04-12 19:31:15 INFO     sources.lottery_net:   lottery.net: 26 rows  SC/pick4/midday  2012/11  [pick-4-midday]
2026-04-12 19:31:15 INFO     sources.base: Fetching SourceName.LOTTERY_NET | SC | pick4 | 2012/12
2026-04-12 19:31:15 INFO     sources.lottery_net:   lottery.net: 25 rows  SC/pick4/midday  2012/12  [pick-4-midday]
2026-04-12 19:31:15 INFO     orchestrator.runner: Running reconciliation...
2026-04-12 19:31:15 INFO     orchestrator.reconciler: Reconciliation complete: {'accepted': 678, 'duplicate': 0, 'conflict_new_wins': 0, 'conflict_existing_wins': 0, 'errors': 0}
2026-04-12 19:31:16 INFO     orchestrator.runner: Ingest complete: {'tasks_run': 2, 'raw_results': 678, 'observations_written': 678, 'reconcile_stats': {'accepted': 678, 'duplicate': 0, 'conflict_new_wins': 0, 'conflict_existing_wins': 0, 'errors': 0}}"
WI,pick3,2012,ingested,ingest_success,0,/workspaces/lottery-engine/.venv/bin/python -m cli.ingest --state WI --game pick3 --start 2012-01-01 --end 2012-12-31 --source lottery.net,"Initializing database...

Ingest: state=WI game=pick3 source=lottery.net 2012-01-01..2012-12-31

--- Ingest Summary ---
  Tasks run:            2
  Raw results fetched:  0
  Observations written: 0
  Reconcile — accepted:         0
  Reconcile — duplicate:        0
  Reconcile — conflict (new):   0
  Reconcile — conflict (kept):  0
  Reconcile — errors:           0","2026-04-12 19:31:18 INFO     sources.lottery_net:   lottery.net: 0 rows  WI/pick3/midday  2012/04  [pick-3-midday]
2026-04-12 19:31:18 INFO     sources.base: Fetching SourceName.LOTTERY_NET | WI | pick3 | 2012/05
2026-04-12 19:31:18 INFO     sources.lottery_net:   lottery.net: 0 rows  WI/pick3/midday  2012/05  [pick-3-midday]
2026-04-12 19:31:18 INFO     sources.base: Fetching SourceName.LOTTERY_NET | WI | pick3 | 2012/06
2026-04-12 19:31:18 INFO     sources.lottery_net:   lottery.net: 0 rows  WI/pick3/midday  2012/06  [pick-3-midday]
2026-04-12 19:31:18 INFO     sources.base: Fetching SourceName.LOTTERY_NET | WI | pick3 | 2012/07
2026-04-12 19:31:18 INFO     sources.lottery_net:   lottery.net: 0 rows  WI/pick3/midday  2012/07  [pick-3-midday]
2026-04-12 19:31:18 INFO     sources.base: Fetching SourceName.LOTTERY_NET | WI | pick3 | 2012/08
2026-04-12 19:31:18 INFO     sources.lottery_net:   lottery.net: 0 rows  WI/pick3/midday  2012/08  [pick-3-midday]
2026-04-12 19:31:18 INFO     sources.base: Fetching SourceName.LOTTERY_NET | WI | pick3 | 2012/09
2026-04-12 19:31:18 INFO     sources.lottery_net:   lottery.net: 0 rows  WI/pick3/midday  2012/09  [pick-3-midday]
2026-04-12 19:31:18 INFO     sources.base: Fetching SourceName.LOTTERY_NET | WI | pick3 | 2012/10
2026-04-12 19:31:18 INFO     sources.lottery_net:   lottery.net: 0 rows  WI/pick3/midday  2012/10  [pick-3-midday]
2026-04-12 19:31:18 INFO     sources.base: Fetching SourceName.LOTTERY_NET | WI | pick3 | 2012/11
2026-04-12 19:31:18 INFO     sources.lottery_net:   lottery.net: 0 rows  WI/pick3/midday  2012/11  [pick-3-midday]
2026-04-12 19:31:18 INFO     sources.base: Fetching SourceName.LOTTERY_NET | WI | pick3 | 2012/12
2026-04-12 19:31:18 INFO     sources.lottery_net:   lottery.net: 0 rows  WI/pick3/midday  2012/12  [pick-3-midday]
2026-04-12 19:31:18 INFO     orchestrator.runner: Running reconciliation...
2026-04-12 19:31:18 INFO     orchestrator.reconciler: Reconciliation complete: {'accepted': 0, 'duplicate': 0, 'conflict_new_wins': 0, 'conflict_existing_wins': 0, 'errors': 0}
2026-04-12 19:31:18 INFO     orchestrator.runner: Ingest complete: {'tasks_run': 2, 'raw_results': 0, 'observations_written': 0, 'reconcile_stats': {'accepted': 0, 'duplicate': 0, 'conflict_new_wins': 0, 'conflict_existing_wins': 0, 'errors': 0}}"
WI,pick4,2012,ingested,ingest_success,0,/workspaces/lottery-engine/.venv/bin/python -m cli.ingest --state WI --game pick4 --start 2012-01-01 --end 2012-12-31 --source lottery.net,"Initializing database...

Ingest: state=WI game=pick4 source=lottery.net 2012-01-01..2012-12-31

--- Ingest Summary ---
  Tasks run:            2
  Raw results fetched:  0
  Observations written: 0
  Reconcile — accepted:         0
  Reconcile — duplicate:        0
  Reconcile — conflict (new):   0
  Reconcile — conflict (kept):  0
  Reconcile — errors:           0","2026-04-12 19:31:21 INFO     sources.lottery_net:   lottery.net: 0 rows  WI/pick4/midday  2012/04  [pick-4-midday]
2026-04-12 19:31:21 INFO     sources.base: Fetching SourceName.LOTTERY_NET | WI | pick4 | 2012/05
2026-04-12 19:31:21 INFO     sources.lottery_net:   lottery.net: 0 rows  WI/pick4/midday  2012/05  [pick-4-midday]
2026-04-12 19:31:21 INFO     sources.base: Fetching SourceName.LOTTERY_NET | WI | pick4 | 2012/06
2026-04-12 19:31:21 INFO     sources.lottery_net:   lottery.net: 0 rows  WI/pick4/midday  2012/06  [pick-4-midday]
2026-04-12 19:31:21 INFO     sources.base: Fetching SourceName.LOTTERY_NET | WI | pick4 | 2012/07
2026-04-12 19:31:21 INFO     sources.lottery_net:   lottery.net: 0 rows  WI/pick4/midday  2012/07  [pick-4-midday]
2026-04-12 19:31:21 INFO     sources.base: Fetching SourceName.LOTTERY_NET | WI | pick4 | 2012/08
2026-04-12 19:31:21 INFO     sources.lottery_net:   lottery.net: 0 rows  WI/pick4/midday  2012/08  [pick-4-midday]
2026-04-12 19:31:21 INFO     sources.base: Fetching SourceName.LOTTERY_NET | WI | pick4 | 2012/09
2026-04-12 19:31:21 INFO     sources.lottery_net:   lottery.net: 0 rows  WI/pick4/midday  2012/09  [pick-4-midday]
2026-04-12 19:31:21 INFO     sources.base: Fetching SourceName.LOTTERY_NET | WI | pick4 | 2012/10
2026-04-12 19:31:21 INFO     sources.lottery_net:   lottery.net: 0 rows  WI/pick4/midday  2012/10  [pick-4-midday]
2026-04-12 19:31:21 INFO     sources.base: Fetching SourceName.LOTTERY_NET | WI | pick4 | 2012/11
2026-04-12 19:31:21 INFO     sources.lottery_net:   lottery.net: 0 rows  WI/pick4/midday  2012/11  [pick-4-midday]
2026-04-12 19:31:21 INFO     sources.base: Fetching SourceName.LOTTERY_NET | WI | pick4 | 2012/12
2026-04-12 19:31:21 INFO     sources.lottery_net:   lottery.net: 0 rows  WI/pick4/midday  2012/12  [pick-4-midday]
2026-04-12 19:31:21 INFO     orchestrator.runner: Running reconciliation...
2026-04-12 19:31:21 INFO     orchestrator.reconciler: Reconciliation complete: {'accepted': 0, 'duplicate': 0, 'conflict_new_wins': 0, 'conflict_existing_wins': 0, 'errors': 0}
2026-04-12 19:31:21 INFO     orchestrator.runner: Ingest complete: {'tasks_run': 2, 'raw_results': 0, 'observations_written': 0, 'reconcile_stats': {'accepted': 0, 'duplicate': 0, 'conflict_new_wins': 0, 'conflict_existing_wins': 0, 'errors': 0}}"
IA,pick3,2012,ingested,ingest_success,0,/workspaces/lottery-engine/.venv/bin/python -m cli.ingest --state IA --game pick3 --start 2012-01-01 --end 2012-12-31 --source lottery.net,"Initializing database...

Ingest: state=IA game=pick3 source=lottery.net 2012-01-01..2012-12-31

--- Ingest Summary ---
  Tasks run:            2
  Raw results fetched:  732
  Observations written: 732
  Reconcile — accepted:         732
  Reconcile — duplicate:        0
  Reconcile — conflict (new):   0
  Reconcile — conflict (kept):  0
  Reconcile — errors:           0","2026-04-12 19:31:24 INFO     sources.lottery_net:   lottery.net: 30 rows  IA/pick3/midday  2012/04  [pick-3-midday]
2026-04-12 19:31:24 INFO     sources.base: Fetching SourceName.LOTTERY_NET | IA | pick3 | 2012/05
2026-04-12 19:31:24 INFO     sources.lottery_net:   lottery.net: 31 rows  IA/pick3/midday  2012/05  [pick-3-midday]
2026-04-12 19:31:24 INFO     sources.base: Fetching SourceName.LOTTERY_NET | IA | pick3 | 2012/06
2026-04-12 19:31:24 INFO     sources.lottery_net:   lottery.net: 30 rows  IA/pick3/midday  2012/06  [pick-3-midday]
2026-04-12 19:31:24 INFO     sources.base: Fetching SourceName.LOTTERY_NET | IA | pick3 | 2012/07
2026-04-12 19:31:24 INFO     sources.lottery_net:   lottery.net: 31 rows  IA/pick3/midday  2012/07  [pick-3-midday]
2026-04-12 19:31:24 INFO     sources.base: Fetching SourceName.LOTTERY_NET | IA | pick3 | 2012/08
2026-04-12 19:31:24 INFO     sources.lottery_net:   lottery.net: 31 rows  IA/pick3/midday  2012/08  [pick-3-midday]
2026-04-12 19:31:24 INFO     sources.base: Fetching SourceName.LOTTERY_NET | IA | pick3 | 2012/09
2026-04-12 19:31:24 INFO     sources.lottery_net:   lottery.net: 30 rows  IA/pick3/midday  2012/09  [pick-3-midday]
2026-04-12 19:31:24 INFO     sources.base: Fetching SourceName.LOTTERY_NET | IA | pick3 | 2012/10
2026-04-12 19:31:24 INFO     sources.lottery_net:   lottery.net: 31 rows  IA/pick3/midday  2012/10  [pick-3-midday]
2026-04-12 19:31:24 INFO     sources.base: Fetching SourceName.LOTTERY_NET | IA | pick3 | 2012/11
2026-04-12 19:31:24 INFO     sources.lottery_net:   lottery.net: 30 rows  IA/pick3/midday  2012/11  [pick-3-midday]
2026-04-12 19:31:24 INFO     sources.base: Fetching SourceName.LOTTERY_NET | IA | pick3 | 2012/12
2026-04-12 19:31:24 INFO     sources.lottery_net:   lottery.net: 31 rows  IA/pick3/midday  2012/12  [pick-3-midday]
2026-04-12 19:31:24 INFO     orchestrator.runner: Running reconciliation...
2026-04-12 19:31:24 INFO     orchestrator.reconciler: Reconciliation complete: {'accepted': 732, 'duplicate': 0, 'conflict_new_wins': 0, 'conflict_existing_wins': 0, 'errors': 0}
2026-04-12 19:31:24 INFO     orchestrator.runner: Ingest complete: {'tasks_run': 2, 'raw_results': 732, 'observations_written': 732, 'reconcile_stats': {'accepted': 732, 'duplicate': 0, 'conflict_new_wins': 0, 'conflict_existing_wins': 0, 'errors': 0}}"
IA,pick4,2012,ingested,ingest_success,0,/workspaces/lottery-engine/.venv/bin/python -m cli.ingest --state IA --game pick4 --start 2012-01-01 --end 2012-12-31 --source lottery.net,"Initializing database...

Ingest: state=IA game=pick4 source=lottery.net 2012-01-01..2012-12-31

--- Ingest Summary ---
  Tasks run:            2
  Raw results fetched:  732
  Observations written: 732
  Reconcile — accepted:         732
  Reconcile — duplicate:        0
  Reconcile — conflict (new):   0
  Reconcile — conflict (kept):  0
  Reconcile — errors:           0","2026-04-12 19:31:27 INFO     sources.lottery_net:   lottery.net: 30 rows  IA/pick4/midday  2012/04  [pick-4-midday]
2026-04-12 19:31:27 INFO     sources.base: Fetching SourceName.LOTTERY_NET | IA | pick4 | 2012/05
2026-04-12 19:31:27 INFO     sources.lottery_net:   lottery.net: 31 rows  IA/pick4/midday  2012/05  [pick-4-midday]
2026-04-12 19:31:27 INFO     sources.base: Fetching SourceName.LOTTERY_NET | IA | pick4 | 2012/06
2026-04-12 19:31:27 INFO     sources.lottery_net:   lottery.net: 30 rows  IA/pick4/midday  2012/06  [pick-4-midday]
2026-04-12 19:31:27 INFO     sources.base: Fetching SourceName.LOTTERY_NET | IA | pick4 | 2012/07
2026-04-12 19:31:27 INFO     sources.lottery_net:   lottery.net: 31 rows  IA/pick4/midday  2012/07  [pick-4-midday]
2026-04-12 19:31:27 INFO     sources.base: Fetching SourceName.LOTTERY_NET | IA | pick4 | 2012/08
2026-04-12 19:31:27 INFO     sources.lottery_net:   lottery.net: 31 rows  IA/pick4/midday  2012/08  [pick-4-midday]
2026-04-12 19:31:27 INFO     sources.base: Fetching SourceName.LOTTERY_NET | IA | pick4 | 2012/09
2026-04-12 19:31:27 INFO     sources.lottery_net:   lottery.net: 30 rows  IA/pick4/midday  2012/09  [pick-4-midday]
2026-04-12 19:31:27 INFO     sources.base: Fetching SourceName.LOTTERY_NET | IA | pick4 | 2012/10
2026-04-12 19:31:27 INFO     sources.lottery_net:   lottery.net: 31 rows  IA/pick4/midday  2012/10  [pick-4-midday]
2026-04-12 19:31:27 INFO     sources.base: Fetching SourceName.LOTTERY_NET | IA | pick4 | 2012/11
2026-04-12 19:31:27 INFO     sources.lottery_net:   lottery.net: 30 rows  IA/pick4/midday  2012/11  [pick-4-midday]
2026-04-12 19:31:27 INFO     sources.base: Fetching SourceName.LOTTERY_NET | IA | pick4 | 2012/12
2026-04-12 19:31:27 INFO     sources.lottery_net:   lottery.net: 31 rows  IA/pick4/midday  2012/12  [pick-4-midday]
2026-04-12 19:31:27 INFO     orchestrator.runner: Running reconciliation...
2026-04-12 19:31:27 INFO     orchestrator.reconciler: Reconciliation complete: {'accepted': 732, 'duplicate': 0, 'conflict_new_wins': 0, 'conflict_existing_wins': 0, 'errors': 0}
2026-04-12 19:31:28 INFO     orchestrator.runner: Ingest complete: {'tasks_run': 2, 'raw_results': 732, 'observations_written': 732, 'reconcile_stats': {'accepted': 732, 'duplicate': 0, 'conflict_new_wins': 0, 'conflict_existing_wins': 0, 'errors': 0}}"
KS,pick3,2012,ingested,ingest_success,0,/workspaces/lottery-engine/.venv/bin/python -m cli.ingest --state KS --game pick3 --start 2012-01-01 --end 2012-12-31 --source lottery.net,"Initializing database...

Ingest: state=KS game=pick3 source=lottery.net 2012-01-01..2012-12-31

--- Ingest Summary ---
  Tasks run:            2
  Raw results fetched:  363
  Observations written: 363
  Reconcile — accepted:         363
  Reconcile — duplicate:        0
  Reconcile — conflict (new):   0
  Reconcile — conflict (kept):  0
  Reconcile — errors:           0","2026-04-12 19:31:30 INFO     sources.lottery_net:   lottery.net: 0 rows  KS/pick3/midday  2012/04  [pick-3-midday]
2026-04-12 19:31:30 INFO     sources.base: Fetching SourceName.LOTTERY_NET | KS | pick3 | 2012/05
2026-04-12 19:31:30 INFO     sources.lottery_net:   lottery.net: 0 rows  KS/pick3/midday  2012/05  [pick-3-midday]
2026-04-12 19:31:30 INFO     sources.base: Fetching SourceName.LOTTERY_NET | KS | pick3 | 2012/06
2026-04-12 19:31:30 INFO     sources.lottery_net:   lottery.net: 0 rows  KS/pick3/midday  2012/06  [pick-3-midday]
2026-04-12 19:31:30 INFO     sources.base: Fetching SourceName.LOTTERY_NET | KS | pick3 | 2012/07
2026-04-12 19:31:30 INFO     sources.lottery_net:   lottery.net: 0 rows  KS/pick3/midday  2012/07  [pick-3-midday]
2026-04-12 19:31:30 INFO     sources.base: Fetching SourceName.LOTTERY_NET | KS | pick3 | 2012/08
2026-04-12 19:31:30 INFO     sources.lottery_net:   lottery.net: 0 rows  KS/pick3/midday  2012/08  [pick-3-midday]
2026-04-12 19:31:30 INFO     sources.base: Fetching SourceName.LOTTERY_NET | KS | pick3 | 2012/09
2026-04-12 19:31:30 INFO     sources.lottery_net:   lottery.net: 0 rows  KS/pick3/midday  2012/09  [pick-3-midday]
2026-04-12 19:31:30 INFO     sources.base: Fetching SourceName.LOTTERY_NET | KS | pick3 | 2012/10
2026-04-12 19:31:30 INFO     sources.lottery_net:   lottery.net: 0 rows  KS/pick3/midday  2012/10  [pick-3-midday]
2026-04-12 19:31:30 INFO     sources.base: Fetching SourceName.LOTTERY_NET | KS | pick3 | 2012/11
2026-04-12 19:31:30 INFO     sources.lottery_net:   lottery.net: 0 rows  KS/pick3/midday  2012/11  [pick-3-midday]
2026-04-12 19:31:30 INFO     sources.base: Fetching SourceName.LOTTERY_NET | KS | pick3 | 2012/12
2026-04-12 19:31:30 INFO     sources.lottery_net:   lottery.net: 0 rows  KS/pick3/midday  2012/12  [pick-3-midday]
2026-04-12 19:31:30 INFO     orchestrator.runner: Running reconciliation...
2026-04-12 19:31:30 INFO     orchestrator.reconciler: Reconciliation complete: {'accepted': 363, 'duplicate': 0, 'conflict_new_wins': 0, 'conflict_existing_wins': 0, 'errors': 0}
2026-04-12 19:31:30 INFO     orchestrator.runner: Ingest complete: {'tasks_run': 2, 'raw_results': 363, 'observations_written': 363, 'reconcile_stats': {'accepted': 363, 'duplicate': 0, 'conflict_new_wins': 0, 'conflict_existing_wins': 0, 'errors': 0}}"
KS,pick4,2012,ingested,ingest_success,0,/workspaces/lottery-engine/.venv/bin/python -m cli.ingest --state KS --game pick4 --start 2012-01-01 --end 2012-12-31 --source lottery.net,"Initializing database...

Ingest: state=KS game=pick4 source=lottery.net 2012-01-01..2012-12-31

--- Ingest Summary ---
  Tasks run:            2
  Raw results fetched:  0
  Observations written: 0
  Reconcile — accepted:         0
  Reconcile — duplicate:        0
  Reconcile — conflict (new):   0
  Reconcile — conflict (kept):  0
  Reconcile — errors:           0","2026-04-12 19:31:33 INFO     sources.lottery_net:   lottery.net: 0 rows  KS/pick4/midday  2012/04  [pick-4-midday]
2026-04-12 19:31:33 INFO     sources.base: Fetching SourceName.LOTTERY_NET | KS | pick4 | 2012/05
2026-04-12 19:31:33 INFO     sources.lottery_net:   lottery.net: 0 rows  KS/pick4/midday  2012/05  [pick-4-midday]
2026-04-12 19:31:33 INFO     sources.base: Fetching SourceName.LOTTERY_NET | KS | pick4 | 2012/06
2026-04-12 19:31:33 INFO     sources.lottery_net:   lottery.net: 0 rows  KS/pick4/midday  2012/06  [pick-4-midday]
2026-04-12 19:31:33 INFO     sources.base: Fetching SourceName.LOTTERY_NET | KS | pick4 | 2012/07
2026-04-12 19:31:33 INFO     sources.lottery_net:   lottery.net: 0 rows  KS/pick4/midday  2012/07  [pick-4-midday]
2026-04-12 19:31:33 INFO     sources.base: Fetching SourceName.LOTTERY_NET | KS | pick4 | 2012/08
2026-04-12 19:31:33 INFO     sources.lottery_net:   lottery.net: 0 rows  KS/pick4/midday  2012/08  [pick-4-midday]
2026-04-12 19:31:33 INFO     sources.base: Fetching SourceName.LOTTERY_NET | KS | pick4 | 2012/09
2026-04-12 19:31:33 INFO     sources.lottery_net:   lottery.net: 0 rows  KS/pick4/midday  2012/09  [pick-4-midday]
2026-04-12 19:31:33 INFO     sources.base: Fetching SourceName.LOTTERY_NET | KS | pick4 | 2012/10
2026-04-12 19:31:33 INFO     sources.lottery_net:   lottery.net: 0 rows  KS/pick4/midday  2012/10  [pick-4-midday]
2026-04-12 19:31:33 INFO     sources.base: Fetching SourceName.LOTTERY_NET | KS | pick4 | 2012/11
2026-04-12 19:31:33 INFO     sources.lottery_net:   lottery.net: 0 rows  KS/pick4/midday  2012/11  [pick-4-midday]
2026-04-12 19:31:33 INFO     sources.base: Fetching SourceName.LOTTERY_NET | KS | pick4 | 2012/12
2026-04-12 19:31:33 INFO     sources.lottery_net:   lottery.net: 0 rows  KS/pick4/midday  2012/12  [pick-4-midday]
2026-04-12 19:31:33 INFO     orchestrator.runner: Running reconciliation...
2026-04-12 19:31:33 INFO     orchestrator.reconciler: Reconciliation complete: {'accepted': 0, 'duplicate': 0, 'conflict_new_wins': 0, 'conflict_existing_wins': 0, 'errors': 0}
2026-04-12 19:31:33 INFO     orchestrator.runner: Ingest complete: {'tasks_run': 2, 'raw_results': 0, 'observations_written': 0, 'reconcile_stats': {'accepted': 0, 'duplicate': 0, 'conflict_new_wins': 0, 'conflict_existing_wins': 0, 'errors': 0}}"
KY,pick3,2012,ingested,ingest_success,0,/workspaces/lottery-engine/.venv/bin/python -m cli.ingest --state KY --game pick3 --start 2012-01-01 --end 2012-12-31 --source lottery.net,"Initializing database...

Ingest: state=KY game=pick3 source=lottery.net 2012-01-01..2012-12-31

--- Ingest Summary ---
  Tasks run:            2
  Raw results fetched:  674
  Observations written: 674
  Reconcile — accepted:         674
  Reconcile — duplicate:        0
  Reconcile — conflict (new):   0
  Reconcile — conflict (kept):  0
  Reconcile — errors:           0","2026-04-12 19:31:35 INFO     sources.lottery_net:   lottery.net: 25 rows  KY/pick3/midday  2012/04  [pick-3-midday]
2026-04-12 19:31:35 INFO     sources.base: Fetching SourceName.LOTTERY_NET | KY | pick3 | 2012/05
2026-04-12 19:31:35 INFO     sources.lottery_net:   lottery.net: 26 rows  KY/pick3/midday  2012/05  [pick-3-midday]
2026-04-12 19:31:35 INFO     sources.base: Fetching SourceName.LOTTERY_NET | KY | pick3 | 2012/06
2026-04-12 19:31:35 INFO     sources.lottery_net:   lottery.net: 26 rows  KY/pick3/midday  2012/06  [pick-3-midday]
2026-04-12 19:31:35 INFO     sources.base: Fetching SourceName.LOTTERY_NET | KY | pick3 | 2012/07
2026-04-12 19:31:35 INFO     sources.lottery_net:   lottery.net: 26 rows  KY/pick3/midday  2012/07  [pick-3-midday]
2026-04-12 19:31:35 INFO     sources.base: Fetching SourceName.LOTTERY_NET | KY | pick3 | 2012/08
2026-04-12 19:31:35 INFO     sources.lottery_net:   lottery.net: 27 rows  KY/pick3/midday  2012/08  [pick-3-midday]
2026-04-12 19:31:35 INFO     sources.base: Fetching SourceName.LOTTERY_NET | KY | pick3 | 2012/09
2026-04-12 19:31:35 INFO     sources.lottery_net:   lottery.net: 25 rows  KY/pick3/midday  2012/09  [pick-3-midday]
2026-04-12 19:31:35 INFO     sources.base: Fetching SourceName.LOTTERY_NET | KY | pick3 | 2012/10
2026-04-12 19:31:35 INFO     sources.lottery_net:   lottery.net: 27 rows  KY/pick3/midday  2012/10  [pick-3-midday]
2026-04-12 19:31:35 INFO     sources.base: Fetching SourceName.LOTTERY_NET | KY | pick3 | 2012/11
2026-04-12 19:31:35 INFO     sources.lottery_net:   lottery.net: 26 rows  KY/pick3/midday  2012/11  [pick-3-midday]
2026-04-12 19:31:35 INFO     sources.base: Fetching SourceName.LOTTERY_NET | KY | pick3 | 2012/12
2026-04-12 19:31:35 INFO     sources.lottery_net:   lottery.net: 26 rows  KY/pick3/midday  2012/12  [pick-3-midday]
2026-04-12 19:31:35 INFO     orchestrator.runner: Running reconciliation...
2026-04-12 19:31:36 INFO     orchestrator.reconciler: Reconciliation complete: {'accepted': 674, 'duplicate': 0, 'conflict_new_wins': 0, 'conflict_existing_wins': 0, 'errors': 0}
2026-04-12 19:31:36 INFO     orchestrator.runner: Ingest complete: {'tasks_run': 2, 'raw_results': 674, 'observations_written': 674, 'reconcile_stats': {'accepted': 674, 'duplicate': 0, 'conflict_new_wins': 0, 'conflict_existing_wins': 0, 'errors': 0}}"
KY,pick4,2012,ingested,ingest_success,0,/workspaces/lottery-engine/.venv/bin/python -m cli.ingest --state KY --game pick4 --start 2012-01-01 --end 2012-12-31 --source lottery.net,"Initializing database...

Ingest: state=KY game=pick4 source=lottery.net 2012-01-01..2012-12-31

--- Ingest Summary ---
  Tasks run:            2
  Raw results fetched:  674
  Observations written: 674
  Reconcile — accepted:         674
  Reconcile — duplicate:        0
  Reconcile — conflict (new):   0
  Reconcile — conflict (kept):  0
  Reconcile — errors:           0","2026-04-12 19:31:39 INFO     sources.lottery_net:   lottery.net: 25 rows  KY/pick4/midday  2012/04  [pick-4-midday]
2026-04-12 19:31:39 INFO     sources.base: Fetching SourceName.LOTTERY_NET | KY | pick4 | 2012/05
2026-04-12 19:31:39 INFO     sources.lottery_net:   lottery.net: 26 rows  KY/pick4/midday  2012/05  [pick-4-midday]
2026-04-12 19:31:39 INFO     sources.base: Fetching SourceName.LOTTERY_NET | KY | pick4 | 2012/06
2026-04-12 19:31:39 INFO     sources.lottery_net:   lottery.net: 26 rows  KY/pick4/midday  2012/06  [pick-4-midday]
2026-04-12 19:31:39 INFO     sources.base: Fetching SourceName.LOTTERY_NET | KY | pick4 | 2012/07
2026-04-12 19:31:39 INFO     sources.lottery_net:   lottery.net: 26 rows  KY/pick4/midday  2012/07  [pick-4-midday]
2026-04-12 19:31:39 INFO     sources.base: Fetching SourceName.LOTTERY_NET | KY | pick4 | 2012/08
2026-04-12 19:31:39 INFO     sources.lottery_net:   lottery.net: 27 rows  KY/pick4/midday  2012/08  [pick-4-midday]
2026-04-12 19:31:39 INFO     sources.base: Fetching SourceName.LOTTERY_NET | KY | pick4 | 2012/09
2026-04-12 19:31:39 INFO     sources.lottery_net:   lottery.net: 25 rows  KY/pick4/midday  2012/09  [pick-4-midday]
2026-04-12 19:31:39 INFO     sources.base: Fetching SourceName.LOTTERY_NET | KY | pick4 | 2012/10
2026-04-12 19:31:39 INFO     sources.lottery_net:   lottery.net: 27 rows  KY/pick4/midday  2012/10  [pick-4-midday]
2026-04-12 19:31:39 INFO     sources.base: Fetching SourceName.LOTTERY_NET | KY | pick4 | 2012/11
2026-04-12 19:31:39 INFO     sources.lottery_net:   lottery.net: 26 rows  KY/pick4/midday  2012/11  [pick-4-midday]
2026-04-12 19:31:39 INFO     sources.base: Fetching SourceName.LOTTERY_NET | KY | pick4 | 2012/12
2026-04-12 19:31:39 INFO     sources.lottery_net:   lottery.net: 26 rows  KY/pick4/midday  2012/12  [pick-4-midday]
2026-04-12 19:31:39 INFO     orchestrator.runner: Running reconciliation...
2026-04-12 19:31:39 INFO     orchestrator.reconciler: Reconciliation complete: {'accepted': 674, 'duplicate': 0, 'conflict_new_wins': 0, 'conflict_existing_wins': 0, 'errors': 0}
2026-04-12 19:31:40 INFO     orchestrator.runner: Ingest complete: {'tasks_run': 2, 'raw_results': 674, 'observations_written': 674, 'reconcile_stats': {'accepted': 674, 'duplicate': 0, 'conflict_new_wins': 0, 'conflict_existing_wins': 0, 'errors': 0}}"
NE,pick3,2012,ingested,ingest_success,0,/workspaces/lottery-engine/.venv/bin/python -m cli.ingest --state NE --game pick3 --start 2012-01-01 --end 2012-12-31 --source lottery.net,"Initializing database...

Ingest: state=NE game=pick3 source=lottery.net 2012-01-01..2012-12-31

--- Ingest Summary ---
  Tasks run:            2
  Raw results fetched:  0
  Observations written: 0
  Reconcile — accepted:         0
  Reconcile — duplicate:        0
  Reconcile — conflict (new):   0
  Reconcile — conflict (kept):  0
  Reconcile — errors:           0","2026-04-12 19:31:42 INFO     sources.lottery_net:   lottery.net: 0 rows  NE/pick3/midday  2012/04  [pick-3-midday]
2026-04-12 19:31:42 INFO     sources.base: Fetching SourceName.LOTTERY_NET | NE | pick3 | 2012/05
2026-04-12 19:31:42 INFO     sources.lottery_net:   lottery.net: 0 rows  NE/pick3/midday  2012/05  [pick-3-midday]
2026-04-12 19:31:42 INFO     sources.base: Fetching SourceName.LOTTERY_NET | NE | pick3 | 2012/06
2026-04-12 19:31:42 INFO     sources.lottery_net:   lottery.net: 0 rows  NE/pick3/midday  2012/06  [pick-3-midday]
2026-04-12 19:31:42 INFO     sources.base: Fetching SourceName.LOTTERY_NET | NE | pick3 | 2012/07
2026-04-12 19:31:42 INFO     sources.lottery_net:   lottery.net: 0 rows  NE/pick3/midday  2012/07  [pick-3-midday]
2026-04-12 19:31:42 INFO     sources.base: Fetching SourceName.LOTTERY_NET | NE | pick3 | 2012/08
2026-04-12 19:31:42 INFO     sources.lottery_net:   lottery.net: 0 rows  NE/pick3/midday  2012/08  [pick-3-midday]
2026-04-12 19:31:42 INFO     sources.base: Fetching SourceName.LOTTERY_NET | NE | pick3 | 2012/09
2026-04-12 19:31:42 INFO     sources.lottery_net:   lottery.net: 0 rows  NE/pick3/midday  2012/09  [pick-3-midday]
2026-04-12 19:31:42 INFO     sources.base: Fetching SourceName.LOTTERY_NET | NE | pick3 | 2012/10
2026-04-12 19:31:42 INFO     sources.lottery_net:   lottery.net: 0 rows  NE/pick3/midday  2012/10  [pick-3-midday]
2026-04-12 19:31:42 INFO     sources.base: Fetching SourceName.LOTTERY_NET | NE | pick3 | 2012/11
2026-04-12 19:31:42 INFO     sources.lottery_net:   lottery.net: 0 rows  NE/pick3/midday  2012/11  [pick-3-midday]
2026-04-12 19:31:42 INFO     sources.base: Fetching SourceName.LOTTERY_NET | NE | pick3 | 2012/12
2026-04-12 19:31:42 INFO     sources.lottery_net:   lottery.net: 0 rows  NE/pick3/midday  2012/12  [pick-3-midday]
2026-04-12 19:31:42 INFO     orchestrator.runner: Running reconciliation...
2026-04-12 19:31:42 INFO     orchestrator.reconciler: Reconciliation complete: {'accepted': 0, 'duplicate': 0, 'conflict_new_wins': 0, 'conflict_existing_wins': 0, 'errors': 0}
2026-04-12 19:31:42 INFO     orchestrator.runner: Ingest complete: {'tasks_run': 2, 'raw_results': 0, 'observations_written': 0, 'reconcile_stats': {'accepted': 0, 'duplicate': 0, 'conflict_new_wins': 0, 'conflict_existing_wins': 0, 'errors': 0}}"
NE,pick4,2012,ingested,ingest_success,0,/workspaces/lottery-engine/.venv/bin/python -m cli.ingest --state NE --game pick4 --start 2012-01-01 --end 2012-12-31 --source lottery.net,"Initializing database...

Ingest: state=NE game=pick4 source=lottery.net 2012-01-01..2012-12-31

--- Ingest Summary ---
  Tasks run:            2
  Raw results fetched:  0
  Observations written: 0
  Reconcile — accepted:         0
  Reconcile — duplicate:        0
  Reconcile — conflict (new):   0
  Reconcile — conflict (kept):  0
  Reconcile — errors:           0","2026-04-12 19:31:44 INFO     sources.lottery_net:   lottery.net: 0 rows  NE/pick4/midday  2012/04  [pick-4-midday]
2026-04-12 19:31:44 INFO     sources.base: Fetching SourceName.LOTTERY_NET | NE | pick4 | 2012/05
2026-04-12 19:31:44 INFO     sources.lottery_net:   lottery.net: 0 rows  NE/pick4/midday  2012/05  [pick-4-midday]
2026-04-12 19:31:44 INFO     sources.base: Fetching SourceName.LOTTERY_NET | NE | pick4 | 2012/06
2026-04-12 19:31:44 INFO     sources.lottery_net:   lottery.net: 0 rows  NE/pick4/midday  2012/06  [pick-4-midday]
2026-04-12 19:31:44 INFO     sources.base: Fetching SourceName.LOTTERY_NET | NE | pick4 | 2012/07
2026-04-12 19:31:44 INFO     sources.lottery_net:   lottery.net: 0 rows  NE/pick4/midday  2012/07  [pick-4-midday]
2026-04-12 19:31:44 INFO     sources.base: Fetching SourceName.LOTTERY_NET | NE | pick4 | 2012/08
2026-04-12 19:31:44 INFO     sources.lottery_net:   lottery.net: 0 rows  NE/pick4/midday  2012/08  [pick-4-midday]
2026-04-12 19:31:44 INFO     sources.base: Fetching SourceName.LOTTERY_NET | NE | pick4 | 2012/09
2026-04-12 19:31:44 INFO     sources.lottery_net:   lottery.net: 0 rows  NE/pick4/midday  2012/09  [pick-4-midday]
2026-04-12 19:31:44 INFO     sources.base: Fetching SourceName.LOTTERY_NET | NE | pick4 | 2012/10
2026-04-12 19:31:44 INFO     sources.lottery_net:   lottery.net: 0 rows  NE/pick4/midday  2012/10  [pick-4-midday]
2026-04-12 19:31:44 INFO     sources.base: Fetching SourceName.LOTTERY_NET | NE | pick4 | 2012/11
2026-04-12 19:31:44 INFO     sources.lottery_net:   lottery.net: 0 rows  NE/pick4/midday  2012/11  [pick-4-midday]
2026-04-12 19:31:44 INFO     sources.base: Fetching SourceName.LOTTERY_NET | NE | pick4 | 2012/12
2026-04-12 19:31:44 INFO     sources.lottery_net:   lottery.net: 0 rows  NE/pick4/midday  2012/12  [pick-4-midday]
2026-04-12 19:31:44 INFO     orchestrator.runner: Running reconciliation...
2026-04-12 19:31:44 INFO     orchestrator.reconciler: Reconciliation complete: {'accepted': 0, 'duplicate': 0, 'conflict_new_wins': 0, 'conflict_existing_wins': 0, 'errors': 0}
2026-04-12 19:31:44 INFO     orchestrator.runner: Ingest complete: {'tasks_run': 2, 'raw_results': 0, 'observations_written': 0, 'reconcile_stats': {'accepted': 0, 'duplicate': 0, 'conflict_new_wins': 0, 'conflict_existing_wins': 0, 'errors': 0}}"
RI,pick3,2012,ingested,ingest_success,0,/workspaces/lottery-engine/.venv/bin/python -m cli.ingest --state RI --game pick3 --start 2012-01-01 --end 2012-12-31 --source lottery.net,"Initializing database...

Ingest: state=RI game=pick3 source=lottery.net 2012-01-01..2012-12-31

--- Ingest Summary ---
  Tasks run:            2
  Raw results fetched:  0
  Observations written: 0
  Reconcile — accepted:         0
  Reconcile — duplicate:        0
  Reconcile — conflict (new):   0
  Reconcile — conflict (kept):  0
  Reconcile — errors:           0","2026-04-12 19:31:46 INFO     sources.lottery_net:   lottery.net: 0 rows  RI/pick3/midday  2012/04  [pick-3-midday]
2026-04-12 19:31:46 INFO     sources.base: Fetching SourceName.LOTTERY_NET | RI | pick3 | 2012/05
2026-04-12 19:31:46 INFO     sources.lottery_net:   lottery.net: 0 rows  RI/pick3/midday  2012/05  [pick-3-midday]
2026-04-12 19:31:46 INFO     sources.base: Fetching SourceName.LOTTERY_NET | RI | pick3 | 2012/06
2026-04-12 19:31:46 INFO     sources.lottery_net:   lottery.net: 0 rows  RI/pick3/midday  2012/06  [pick-3-midday]
2026-04-12 19:31:46 INFO     sources.base: Fetching SourceName.LOTTERY_NET | RI | pick3 | 2012/07
2026-04-12 19:31:46 INFO     sources.lottery_net:   lottery.net: 0 rows  RI/pick3/midday  2012/07  [pick-3-midday]
2026-04-12 19:31:46 INFO     sources.base: Fetching SourceName.LOTTERY_NET | RI | pick3 | 2012/08
2026-04-12 19:31:46 INFO     sources.lottery_net:   lottery.net: 0 rows  RI/pick3/midday  2012/08  [pick-3-midday]
2026-04-12 19:31:46 INFO     sources.base: Fetching SourceName.LOTTERY_NET | RI | pick3 | 2012/09
2026-04-12 19:31:46 INFO     sources.lottery_net:   lottery.net: 0 rows  RI/pick3/midday  2012/09  [pick-3-midday]
2026-04-12 19:31:46 INFO     sources.base: Fetching SourceName.LOTTERY_NET | RI | pick3 | 2012/10
2026-04-12 19:31:46 INFO     sources.lottery_net:   lottery.net: 0 rows  RI/pick3/midday  2012/10  [pick-3-midday]
2026-04-12 19:31:46 INFO     sources.base: Fetching SourceName.LOTTERY_NET | RI | pick3 | 2012/11
2026-04-12 19:31:46 INFO     sources.lottery_net:   lottery.net: 0 rows  RI/pick3/midday  2012/11  [pick-3-midday]
2026-04-12 19:31:46 INFO     sources.base: Fetching SourceName.LOTTERY_NET | RI | pick3 | 2012/12
2026-04-12 19:31:46 INFO     sources.lottery_net:   lottery.net: 0 rows  RI/pick3/midday  2012/12  [pick-3-midday]
2026-04-12 19:31:46 INFO     orchestrator.runner: Running reconciliation...
2026-04-12 19:31:46 INFO     orchestrator.reconciler: Reconciliation complete: {'accepted': 0, 'duplicate': 0, 'conflict_new_wins': 0, 'conflict_existing_wins': 0, 'errors': 0}
2026-04-12 19:31:46 INFO     orchestrator.runner: Ingest complete: {'tasks_run': 2, 'raw_results': 0, 'observations_written': 0, 'reconcile_stats': {'accepted': 0, 'duplicate': 0, 'conflict_new_wins': 0, 'conflict_existing_wins': 0, 'errors': 0}}"
RI,pick4,2012,ingested,ingest_success,0,/workspaces/lottery-engine/.venv/bin/python -m cli.ingest --state RI --game pick4 --start 2012-01-01 --end 2012-12-31 --source lottery.net,"Initializing database...

Ingest: state=RI game=pick4 source=lottery.net 2012-01-01..2012-12-31

--- Ingest Summary ---
  Tasks run:            2
  Raw results fetched:  0
  Observations written: 0
  Reconcile — accepted:         0
  Reconcile — duplicate:        0
  Reconcile — conflict (new):   0
  Reconcile — conflict (kept):  0
  Reconcile — errors:           0","2026-04-12 19:31:49 INFO     sources.lottery_net:   lottery.net: 0 rows  RI/pick4/midday  2012/04  [pick-4-midday]
2026-04-12 19:31:49 INFO     sources.base: Fetching SourceName.LOTTERY_NET | RI | pick4 | 2012/05
2026-04-12 19:31:49 INFO     sources.lottery_net:   lottery.net: 0 rows  RI/pick4/midday  2012/05  [pick-4-midday]
2026-04-12 19:31:49 INFO     sources.base: Fetching SourceName.LOTTERY_NET | RI | pick4 | 2012/06
2026-04-12 19:31:49 INFO     sources.lottery_net:   lottery.net: 0 rows  RI/pick4/midday  2012/06  [pick-4-midday]
2026-04-12 19:31:49 INFO     sources.base: Fetching SourceName.LOTTERY_NET | RI | pick4 | 2012/07
2026-04-12 19:31:49 INFO     sources.lottery_net:   lottery.net: 0 rows  RI/pick4/midday  2012/07  [pick-4-midday]
2026-04-12 19:31:49 INFO     sources.base: Fetching SourceName.LOTTERY_NET | RI | pick4 | 2012/08
2026-04-12 19:31:49 INFO     sources.lottery_net:   lottery.net: 0 rows  RI/pick4/midday  2012/08  [pick-4-midday]
2026-04-12 19:31:49 INFO     sources.base: Fetching SourceName.LOTTERY_NET | RI | pick4 | 2012/09
2026-04-12 19:31:49 INFO     sources.lottery_net:   lottery.net: 0 rows  RI/pick4/midday  2012/09  [pick-4-midday]
2026-04-12 19:31:49 INFO     sources.base: Fetching SourceName.LOTTERY_NET | RI | pick4 | 2012/10
2026-04-12 19:31:49 INFO     sources.lottery_net:   lottery.net: 0 rows  RI/pick4/midday  2012/10  [pick-4-midday]
2026-04-12 19:31:49 INFO     sources.base: Fetching SourceName.LOTTERY_NET | RI | pick4 | 2012/11
2026-04-12 19:31:49 INFO     sources.lottery_net:   lottery.net: 0 rows  RI/pick4/midday  2012/11  [pick-4-midday]
2026-04-12 19:31:49 INFO     sources.base: Fetching SourceName.LOTTERY_NET | RI | pick4 | 2012/12
2026-04-12 19:31:49 INFO     sources.lottery_net:   lottery.net: 0 rows  RI/pick4/midday  2012/12  [pick-4-midday]
2026-04-12 19:31:49 INFO     orchestrator.runner: Running reconciliation...
2026-04-12 19:31:49 INFO     orchestrator.reconciler: Reconciliation complete: {'accepted': 0, 'duplicate': 0, 'conflict_new_wins': 0, 'conflict_existing_wins': 0, 'errors': 0}
2026-04-12 19:31:49 INFO     orchestrator.runner: Ingest complete: {'tasks_run': 2, 'raw_results': 0, 'observations_written': 0, 'reconcile_stats': {'accepted': 0, 'duplicate': 0, 'conflict_new_wins': 0, 'conflict_existing_wins': 0, 'errors': 0}}"
WV,pick3,2012,ingested,ingest_success,0,/workspaces/lottery-engine/.venv/bin/python -m cli.ingest --state WV --game pick3 --start 2012-01-01 --end 2012-12-31 --source lottery.net,"Initializing database...

Ingest: state=WV game=pick3 source=lottery.net 2012-01-01..2012-12-31

--- Ingest Summary ---
  Tasks run:            2
  Raw results fetched:  0
  Observations written: 0
  Reconcile — accepted:         0
  Reconcile — duplicate:        0
  Reconcile — conflict (new):   0
  Reconcile — conflict (kept):  0
  Reconcile — errors:           0","2026-04-12 19:31:51 INFO     sources.lottery_net:   lottery.net: 0 rows  WV/pick3/midday  2012/04  [pick-3-midday]
2026-04-12 19:31:51 INFO     sources.base: Fetching SourceName.LOTTERY_NET | WV | pick3 | 2012/05
2026-04-12 19:31:51 INFO     sources.lottery_net:   lottery.net: 0 rows  WV/pick3/midday  2012/05  [pick-3-midday]
2026-04-12 19:31:51 INFO     sources.base: Fetching SourceName.LOTTERY_NET | WV | pick3 | 2012/06
2026-04-12 19:31:51 INFO     sources.lottery_net:   lottery.net: 0 rows  WV/pick3/midday  2012/06  [pick-3-midday]
2026-04-12 19:31:51 INFO     sources.base: Fetching SourceName.LOTTERY_NET | WV | pick3 | 2012/07
2026-04-12 19:31:51 INFO     sources.lottery_net:   lottery.net: 0 rows  WV/pick3/midday  2012/07  [pick-3-midday]
2026-04-12 19:31:51 INFO     sources.base: Fetching SourceName.LOTTERY_NET | WV | pick3 | 2012/08
2026-04-12 19:31:51 INFO     sources.lottery_net:   lottery.net: 0 rows  WV/pick3/midday  2012/08  [pick-3-midday]
2026-04-12 19:31:51 INFO     sources.base: Fetching SourceName.LOTTERY_NET | WV | pick3 | 2012/09
2026-04-12 19:31:51 INFO     sources.lottery_net:   lottery.net: 0 rows  WV/pick3/midday  2012/09  [pick-3-midday]
2026-04-12 19:31:51 INFO     sources.base: Fetching SourceName.LOTTERY_NET | WV | pick3 | 2012/10
2026-04-12 19:31:51 INFO     sources.lottery_net:   lottery.net: 0 rows  WV/pick3/midday  2012/10  [pick-3-midday]
2026-04-12 19:31:51 INFO     sources.base: Fetching SourceName.LOTTERY_NET | WV | pick3 | 2012/11
2026-04-12 19:31:51 INFO     sources.lottery_net:   lottery.net: 0 rows  WV/pick3/midday  2012/11  [pick-3-midday]
2026-04-12 19:31:51 INFO     sources.base: Fetching SourceName.LOTTERY_NET | WV | pick3 | 2012/12
2026-04-12 19:31:51 INFO     sources.lottery_net:   lottery.net: 0 rows  WV/pick3/midday  2012/12  [pick-3-midday]
2026-04-12 19:31:51 INFO     orchestrator.runner: Running reconciliation...
2026-04-12 19:31:51 INFO     orchestrator.reconciler: Reconciliation complete: {'accepted': 0, 'duplicate': 0, 'conflict_new_wins': 0, 'conflict_existing_wins': 0, 'errors': 0}
2026-04-12 19:31:51 INFO     orchestrator.runner: Ingest complete: {'tasks_run': 2, 'raw_results': 0, 'observations_written': 0, 'reconcile_stats': {'accepted': 0, 'duplicate': 0, 'conflict_new_wins': 0, 'conflict_existing_wins': 0, 'errors': 0}}"
WV,pick4,2012,ingested,ingest_success,0,/workspaces/lottery-engine/.venv/bin/python -m cli.ingest --state WV --game pick4 --start 2012-01-01 --end 2012-12-31 --source lottery.net,"Initializing database...

Ingest: state=WV game=pick4 source=lottery.net 2012-01-01..2012-12-31

--- Ingest Summary ---
  Tasks run:            2
  Raw results fetched:  0
  Observations written: 0
  Reconcile — accepted:         0
  Reconcile — duplicate:        0
  Reconcile — conflict (new):   0
  Reconcile — conflict (kept):  0
  Reconcile — errors:           0","2026-04-12 19:31:54 INFO     sources.lottery_net:   lottery.net: 0 rows  WV/pick4/midday  2012/04  [pick-4-midday]
2026-04-12 19:31:54 INFO     sources.base: Fetching SourceName.LOTTERY_NET | WV | pick4 | 2012/05
2026-04-12 19:31:54 INFO     sources.lottery_net:   lottery.net: 0 rows  WV/pick4/midday  2012/05  [pick-4-midday]
2026-04-12 19:31:54 INFO     sources.base: Fetching SourceName.LOTTERY_NET | WV | pick4 | 2012/06
2026-04-12 19:31:54 INFO     sources.lottery_net:   lottery.net: 0 rows  WV/pick4/midday  2012/06  [pick-4-midday]
2026-04-12 19:31:54 INFO     sources.base: Fetching SourceName.LOTTERY_NET | WV | pick4 | 2012/07
2026-04-12 19:31:54 INFO     sources.lottery_net:   lottery.net: 0 rows  WV/pick4/midday  2012/07  [pick-4-midday]
2026-04-12 19:31:54 INFO     sources.base: Fetching SourceName.LOTTERY_NET | WV | pick4 | 2012/08
2026-04-12 19:31:54 INFO     sources.lottery_net:   lottery.net: 0 rows  WV/pick4/midday  2012/08  [pick-4-midday]
2026-04-12 19:31:54 INFO     sources.base: Fetching SourceName.LOTTERY_NET | WV | pick4 | 2012/09
2026-04-12 19:31:54 INFO     sources.lottery_net:   lottery.net: 0 rows  WV/pick4/midday  2012/09  [pick-4-midday]
2026-04-12 19:31:54 INFO     sources.base: Fetching SourceName.LOTTERY_NET | WV | pick4 | 2012/10
2026-04-12 19:31:54 INFO     sources.lottery_net:   lottery.net: 0 rows  WV/pick4/midday  2012/10  [pick-4-midday]
2026-04-12 19:31:54 INFO     sources.base: Fetching SourceName.LOTTERY_NET | WV | pick4 | 2012/11
2026-04-12 19:31:54 INFO     sources.lottery_net:   lottery.net: 0 rows  WV/pick4/midday  2012/11  [pick-4-midday]
2026-04-12 19:31:54 INFO     sources.base: Fetching SourceName.LOTTERY_NET | WV | pick4 | 2012/12
2026-04-12 19:31:54 INFO     sources.lottery_net:   lottery.net: 0 rows  WV/pick4/midday  2012/12  [pick-4-midday]
2026-04-12 19:31:54 INFO     orchestrator.runner: Running reconciliation...
2026-04-12 19:31:54 INFO     orchestrator.reconciler: Reconciliation complete: {'accepted': 0, 'duplicate': 0, 'conflict_new_wins': 0, 'conflict_existing_wins': 0, 'errors': 0}
2026-04-12 19:31:54 INFO     orchestrator.runner: Ingest complete: {'tasks_run': 2, 'raw_results': 0, 'observations_written': 0, 'reconcile_stats': {'accepted': 0, 'duplicate': 0, 'conflict_new_wins': 0, 'conflict_existing_wins': 0, 'errors': 0}}"
AZ,pick3,2012,ingested,ingest_success,0,/workspaces/lottery-engine/.venv/bin/python -m cli.ingest --state AZ --game pick3 --start 2012-01-01 --end 2012-12-31 --source lottery.net,"Initializing database...

Ingest: state=AZ game=pick3 source=lottery.net 2012-01-01..2012-12-31

--- Ingest Summary ---
  Tasks run:            2
  Raw results fetched:  0
  Observations written: 0
  Reconcile — accepted:         0
  Reconcile — duplicate:        0
  Reconcile — conflict (new):   0
  Reconcile — conflict (kept):  0
  Reconcile — errors:           0","2026-04-12 19:31:56 INFO     sources.lottery_net:   lottery.net: 0 rows  AZ/pick3/midday  2012/04  [pick-3-midday]
2026-04-12 19:31:56 INFO     sources.base: Fetching SourceName.LOTTERY_NET | AZ | pick3 | 2012/05
2026-04-12 19:31:56 INFO     sources.lottery_net:   lottery.net: 0 rows  AZ/pick3/midday  2012/05  [pick-3-midday]
2026-04-12 19:31:56 INFO     sources.base: Fetching SourceName.LOTTERY_NET | AZ | pick3 | 2012/06
2026-04-12 19:31:56 INFO     sources.lottery_net:   lottery.net: 0 rows  AZ/pick3/midday  2012/06  [pick-3-midday]
2026-04-12 19:31:56 INFO     sources.base: Fetching SourceName.LOTTERY_NET | AZ | pick3 | 2012/07
2026-04-12 19:31:56 INFO     sources.lottery_net:   lottery.net: 0 rows  AZ/pick3/midday  2012/07  [pick-3-midday]
2026-04-12 19:31:56 INFO     sources.base: Fetching SourceName.LOTTERY_NET | AZ | pick3 | 2012/08
2026-04-12 19:31:56 INFO     sources.lottery_net:   lottery.net: 0 rows  AZ/pick3/midday  2012/08  [pick-3-midday]
2026-04-12 19:31:56 INFO     sources.base: Fetching SourceName.LOTTERY_NET | AZ | pick3 | 2012/09
2026-04-12 19:31:56 INFO     sources.lottery_net:   lottery.net: 0 rows  AZ/pick3/midday  2012/09  [pick-3-midday]
2026-04-12 19:31:56 INFO     sources.base: Fetching SourceName.LOTTERY_NET | AZ | pick3 | 2012/10
2026-04-12 19:31:56 INFO     sources.lottery_net:   lottery.net: 0 rows  AZ/pick3/midday  2012/10  [pick-3-midday]
2026-04-12 19:31:56 INFO     sources.base: Fetching SourceName.LOTTERY_NET | AZ | pick3 | 2012/11
2026-04-12 19:31:56 INFO     sources.lottery_net:   lottery.net: 0 rows  AZ/pick3/midday  2012/11  [pick-3-midday]
2026-04-12 19:31:56 INFO     sources.base: Fetching SourceName.LOTTERY_NET | AZ | pick3 | 2012/12
2026-04-12 19:31:56 INFO     sources.lottery_net:   lottery.net: 0 rows  AZ/pick3/midday  2012/12  [pick-3-midday]
2026-04-12 19:31:56 INFO     orchestrator.runner: Running reconciliation...
2026-04-12 19:31:56 INFO     orchestrator.reconciler: Reconciliation complete: {'accepted': 0, 'duplicate': 0, 'conflict_new_wins': 0, 'conflict_existing_wins': 0, 'errors': 0}
2026-04-12 19:31:56 INFO     orchestrator.runner: Ingest complete: {'tasks_run': 2, 'raw_results': 0, 'observations_written': 0, 'reconcile_stats': {'accepted': 0, 'duplicate': 0, 'conflict_new_wins': 0, 'conflict_existing_wins': 0, 'errors': 0}}"
AZ,pick4,2012,ingested,ingest_success,0,/workspaces/lottery-engine/.venv/bin/python -m cli.ingest --state AZ --game pick4 --start 2012-01-01 --end 2012-12-31 --source lottery.net,"Initializing database...

Ingest: state=AZ game=pick4 source=lottery.net 2012-01-01..2012-12-31

--- Ingest Summary ---
  Tasks run:            2
  Raw results fetched:  0
  Observations written: 0
  Reconcile — accepted:         0
  Reconcile — duplicate:        0
  Reconcile — conflict (new):   0
  Reconcile — conflict (kept):  0
  Reconcile — errors:           0","2026-04-12 19:31:59 INFO     sources.lottery_net:   lottery.net: 0 rows  AZ/pick4/midday  2012/04  [pick-4-midday]
2026-04-12 19:31:59 INFO     sources.base: Fetching SourceName.LOTTERY_NET | AZ | pick4 | 2012/05
2026-04-12 19:31:59 INFO     sources.lottery_net:   lottery.net: 0 rows  AZ/pick4/midday  2012/05  [pick-4-midday]
2026-04-12 19:31:59 INFO     sources.base: Fetching SourceName.LOTTERY_NET | AZ | pick4 | 2012/06
2026-04-12 19:31:59 INFO     sources.lottery_net:   lottery.net: 0 rows  AZ/pick4/midday  2012/06  [pick-4-midday]
2026-04-12 19:31:59 INFO     sources.base: Fetching SourceName.LOTTERY_NET | AZ | pick4 | 2012/07
2026-04-12 19:31:59 INFO     sources.lottery_net:   lottery.net: 0 rows  AZ/pick4/midday  2012/07  [pick-4-midday]
2026-04-12 19:31:59 INFO     sources.base: Fetching SourceName.LOTTERY_NET | AZ | pick4 | 2012/08
2026-04-12 19:31:59 INFO     sources.lottery_net:   lottery.net: 0 rows  AZ/pick4/midday  2012/08  [pick-4-midday]
2026-04-12 19:31:59 INFO     sources.base: Fetching SourceName.LOTTERY_NET | AZ | pick4 | 2012/09
2026-04-12 19:31:59 INFO     sources.lottery_net:   lottery.net: 0 rows  AZ/pick4/midday  2012/09  [pick-4-midday]
2026-04-12 19:31:59 INFO     sources.base: Fetching SourceName.LOTTERY_NET | AZ | pick4 | 2012/10
2026-04-12 19:31:59 INFO     sources.lottery_net:   lottery.net: 0 rows  AZ/pick4/midday  2012/10  [pick-4-midday]
2026-04-12 19:31:59 INFO     sources.base: Fetching SourceName.LOTTERY_NET | AZ | pick4 | 2012/11
2026-04-12 19:31:59 INFO     sources.lottery_net:   lottery.net: 0 rows  AZ/pick4/midday  2012/11  [pick-4-midday]
2026-04-12 19:31:59 INFO     sources.base: Fetching SourceName.LOTTERY_NET | AZ | pick4 | 2012/12
2026-04-12 19:31:59 INFO     sources.lottery_net:   lottery.net: 0 rows  AZ/pick4/midday  2012/12  [pick-4-midday]
2026-04-12 19:31:59 INFO     orchestrator.runner: Running reconciliation...
2026-04-12 19:31:59 INFO     orchestrator.reconciler: Reconciliation complete: {'accepted': 0, 'duplicate': 0, 'conflict_new_wins': 0, 'conflict_existing_wins': 0, 'errors': 0}
2026-04-12 19:31:59 INFO     orchestrator.runner: Ingest complete: {'tasks_run': 2, 'raw_results': 0, 'observations_written': 0, 'reconcile_stats': {'accepted': 0, 'duplicate': 0, 'conflict_new_wins': 0, 'conflict_existing_wins': 0, 'errors': 0}}"
AR,pick3,2012,ingested,ingest_success,0,/workspaces/lottery-engine/.venv/bin/python -m cli.ingest --state AR --game pick3 --start 2012-01-01 --end 2012-12-31 --source lottery.net,"Initializing database...

Ingest: state=AR game=pick3 source=lottery.net 2012-01-01..2012-12-31

--- Ingest Summary ---
  Tasks run:            2
  Raw results fetched:  0
  Observations written: 0
  Reconcile — accepted:         0
  Reconcile — duplicate:        0
  Reconcile — conflict (new):   0
  Reconcile — conflict (kept):  0
  Reconcile — errors:           0","2026-04-12 19:32:01 INFO     sources.lottery_net:   lottery.net: 0 rows  AR/pick3/midday  2012/04  [pick-3-midday]
2026-04-12 19:32:01 INFO     sources.base: Fetching SourceName.LOTTERY_NET | AR | pick3 | 2012/05
2026-04-12 19:32:01 INFO     sources.lottery_net:   lottery.net: 0 rows  AR/pick3/midday  2012/05  [pick-3-midday]
2026-04-12 19:32:01 INFO     sources.base: Fetching SourceName.LOTTERY_NET | AR | pick3 | 2012/06
2026-04-12 19:32:01 INFO     sources.lottery_net:   lottery.net: 0 rows  AR/pick3/midday  2012/06  [pick-3-midday]
2026-04-12 19:32:01 INFO     sources.base: Fetching SourceName.LOTTERY_NET | AR | pick3 | 2012/07
2026-04-12 19:32:01 INFO     sources.lottery_net:   lottery.net: 0 rows  AR/pick3/midday  2012/07  [pick-3-midday]
2026-04-12 19:32:01 INFO     sources.base: Fetching SourceName.LOTTERY_NET | AR | pick3 | 2012/08
2026-04-12 19:32:01 INFO     sources.lottery_net:   lottery.net: 0 rows  AR/pick3/midday  2012/08  [pick-3-midday]
2026-04-12 19:32:01 INFO     sources.base: Fetching SourceName.LOTTERY_NET | AR | pick3 | 2012/09
2026-04-12 19:32:01 INFO     sources.lottery_net:   lottery.net: 0 rows  AR/pick3/midday  2012/09  [pick-3-midday]
2026-04-12 19:32:01 INFO     sources.base: Fetching SourceName.LOTTERY_NET | AR | pick3 | 2012/10
2026-04-12 19:32:01 INFO     sources.lottery_net:   lottery.net: 0 rows  AR/pick3/midday  2012/10  [pick-3-midday]
2026-04-12 19:32:01 INFO     sources.base: Fetching SourceName.LOTTERY_NET | AR | pick3 | 2012/11
2026-04-12 19:32:01 INFO     sources.lottery_net:   lottery.net: 0 rows  AR/pick3/midday  2012/11  [pick-3-midday]
2026-04-12 19:32:01 INFO     sources.base: Fetching SourceName.LOTTERY_NET | AR | pick3 | 2012/12
2026-04-12 19:32:01 INFO     sources.lottery_net:   lottery.net: 0 rows  AR/pick3/midday  2012/12  [pick-3-midday]
2026-04-12 19:32:01 INFO     orchestrator.runner: Running reconciliation...
2026-04-12 19:32:01 INFO     orchestrator.reconciler: Reconciliation complete: {'accepted': 0, 'duplicate': 0, 'conflict_new_wins': 0, 'conflict_existing_wins': 0, 'errors': 0}
2026-04-12 19:32:01 INFO     orchestrator.runner: Ingest complete: {'tasks_run': 2, 'raw_results': 0, 'observations_written': 0, 'reconcile_stats': {'accepted': 0, 'duplicate': 0, 'conflict_new_wins': 0, 'conflict_existing_wins': 0, 'errors': 0}}"
AR,pick4,2012,ingested,ingest_success,0,/workspaces/lottery-engine/.venv/bin/python -m cli.ingest --state AR --game pick4 --start 2012-01-01 --end 2012-12-31 --source lottery.net,"Initializing database...

Ingest: state=AR game=pick4 source=lottery.net 2012-01-01..2012-12-31

--- Ingest Summary ---
  Tasks run:            2
  Raw results fetched:  0
  Observations written: 0
  Reconcile — accepted:         0
  Reconcile — duplicate:        0
  Reconcile — conflict (new):   0
  Reconcile — conflict (kept):  0
  Reconcile — errors:           0","2026-04-12 19:32:04 INFO     sources.lottery_net:   lottery.net: 0 rows  AR/pick4/midday  2012/04  [pick-4-midday]
2026-04-12 19:32:04 INFO     sources.base: Fetching SourceName.LOTTERY_NET | AR | pick4 | 2012/05
2026-04-12 19:32:04 INFO     sources.lottery_net:   lottery.net: 0 rows  AR/pick4/midday  2012/05  [pick-4-midday]
2026-04-12 19:32:04 INFO     sources.base: Fetching SourceName.LOTTERY_NET | AR | pick4 | 2012/06
2026-04-12 19:32:04 INFO     sources.lottery_net:   lottery.net: 0 rows  AR/pick4/midday  2012/06  [pick-4-midday]
2026-04-12 19:32:04 INFO     sources.base: Fetching SourceName.LOTTERY_NET | AR | pick4 | 2012/07
2026-04-12 19:32:04 INFO     sources.lottery_net:   lottery.net: 0 rows  AR/pick4/midday  2012/07  [pick-4-midday]
2026-04-12 19:32:04 INFO     sources.base: Fetching SourceName.LOTTERY_NET | AR | pick4 | 2012/08
2026-04-12 19:32:04 INFO     sources.lottery_net:   lottery.net: 0 rows  AR/pick4/midday  2012/08  [pick-4-midday]
2026-04-12 19:32:04 INFO     sources.base: Fetching SourceName.LOTTERY_NET | AR | pick4 | 2012/09
2026-04-12 19:32:04 INFO     sources.lottery_net:   lottery.net: 0 rows  AR/pick4/midday  2012/09  [pick-4-midday]
2026-04-12 19:32:04 INFO     sources.base: Fetching SourceName.LOTTERY_NET | AR | pick4 | 2012/10
2026-04-12 19:32:04 INFO     sources.lottery_net:   lottery.net: 0 rows  AR/pick4/midday  2012/10  [pick-4-midday]
2026-04-12 19:32:04 INFO     sources.base: Fetching SourceName.LOTTERY_NET | AR | pick4 | 2012/11
2026-04-12 19:32:04 INFO     sources.lottery_net:   lottery.net: 0 rows  AR/pick4/midday  2012/11  [pick-4-midday]
2026-04-12 19:32:04 INFO     sources.base: Fetching SourceName.LOTTERY_NET | AR | pick4 | 2012/12
2026-04-12 19:32:04 INFO     sources.lottery_net:   lottery.net: 0 rows  AR/pick4/midday  2012/12  [pick-4-midday]
2026-04-12 19:32:04 INFO     orchestrator.runner: Running reconciliation...
2026-04-12 19:32:04 INFO     orchestrator.reconciler: Reconciliation complete: {'accepted': 0, 'duplicate': 0, 'conflict_new_wins': 0, 'conflict_existing_wins': 0, 'errors': 0}
2026-04-12 19:32:04 INFO     orchestrator.runner: Ingest complete: {'tasks_run': 2, 'raw_results': 0, 'observations_written': 0, 'reconcile_stats': {'accepted': 0, 'duplicate': 0, 'conflict_new_wins': 0, 'conflict_existing_wins': 0, 'errors': 0}}"
CO,pick3,2012,ingested,ingest_success,0,/workspaces/lottery-engine/.venv/bin/python -m cli.ingest --state CO --game pick3 --start 2012-01-01 --end 2012-12-31 --source lottery.net,"Initializing database...

Ingest: state=CO game=pick3 source=lottery.net 2012-01-01..2012-12-31

--- Ingest Summary ---
  Tasks run:            2
  Raw results fetched:  0
  Observations written: 0
  Reconcile — accepted:         0
  Reconcile — duplicate:        0
  Reconcile — conflict (new):   0
  Reconcile — conflict (kept):  0
  Reconcile — errors:           0","2026-04-12 19:32:06 INFO     sources.lottery_net:   lottery.net: 0 rows  CO/pick3/midday  2012/04  [pick-3-midday]
2026-04-12 19:32:06 INFO     sources.base: Fetching SourceName.LOTTERY_NET | CO | pick3 | 2012/05
2026-04-12 19:32:06 INFO     sources.lottery_net:   lottery.net: 0 rows  CO/pick3/midday  2012/05  [pick-3-midday]
2026-04-12 19:32:06 INFO     sources.base: Fetching SourceName.LOTTERY_NET | CO | pick3 | 2012/06
2026-04-12 19:32:06 INFO     sources.lottery_net:   lottery.net: 0 rows  CO/pick3/midday  2012/06  [pick-3-midday]
2026-04-12 19:32:06 INFO     sources.base: Fetching SourceName.LOTTERY_NET | CO | pick3 | 2012/07
2026-04-12 19:32:06 INFO     sources.lottery_net:   lottery.net: 0 rows  CO/pick3/midday  2012/07  [pick-3-midday]
2026-04-12 19:32:06 INFO     sources.base: Fetching SourceName.LOTTERY_NET | CO | pick3 | 2012/08
2026-04-12 19:32:06 INFO     sources.lottery_net:   lottery.net: 0 rows  CO/pick3/midday  2012/08  [pick-3-midday]
2026-04-12 19:32:06 INFO     sources.base: Fetching SourceName.LOTTERY_NET | CO | pick3 | 2012/09
2026-04-12 19:32:06 INFO     sources.lottery_net:   lottery.net: 0 rows  CO/pick3/midday  2012/09  [pick-3-midday]
2026-04-12 19:32:06 INFO     sources.base: Fetching SourceName.LOTTERY_NET | CO | pick3 | 2012/10
2026-04-12 19:32:06 INFO     sources.lottery_net:   lottery.net: 0 rows  CO/pick3/midday  2012/10  [pick-3-midday]
2026-04-12 19:32:06 INFO     sources.base: Fetching SourceName.LOTTERY_NET | CO | pick3 | 2012/11
2026-04-12 19:32:06 INFO     sources.lottery_net:   lottery.net: 0 rows  CO/pick3/midday  2012/11  [pick-3-midday]
2026-04-12 19:32:06 INFO     sources.base: Fetching SourceName.LOTTERY_NET | CO | pick3 | 2012/12
2026-04-12 19:32:06 INFO     sources.lottery_net:   lottery.net: 0 rows  CO/pick3/midday  2012/12  [pick-3-midday]
2026-04-12 19:32:06 INFO     orchestrator.runner: Running reconciliation...
2026-04-12 19:32:06 INFO     orchestrator.reconciler: Reconciliation complete: {'accepted': 0, 'duplicate': 0, 'conflict_new_wins': 0, 'conflict_existing_wins': 0, 'errors': 0}
2026-04-12 19:32:06 INFO     orchestrator.runner: Ingest complete: {'tasks_run': 2, 'raw_results': 0, 'observations_written': 0, 'reconcile_stats': {'accepted': 0, 'duplicate': 0, 'conflict_new_wins': 0, 'conflict_existing_wins': 0, 'errors': 0}}"
CO,pick4,2012,ingested,ingest_success,0,/workspaces/lottery-engine/.venv/bin/python -m cli.ingest --state CO --game pick4 --start 2012-01-01 --end 2012-12-31 --source lottery.net,"Initializing database...

Ingest: state=CO game=pick4 source=lottery.net 2012-01-01..2012-12-31

--- Ingest Summary ---
  Tasks run:            2
  Raw results fetched:  0
  Observations written: 0
  Reconcile — accepted:         0
  Reconcile — duplicate:        0
  Reconcile — conflict (new):   0
  Reconcile — conflict (kept):  0
  Reconcile — errors:           0","2026-04-12 19:32:09 INFO     sources.lottery_net:   lottery.net: 0 rows  CO/pick4/midday  2012/04  [pick-4-midday]
2026-04-12 19:32:09 INFO     sources.base: Fetching SourceName.LOTTERY_NET | CO | pick4 | 2012/05
2026-04-12 19:32:09 INFO     sources.lottery_net:   lottery.net: 0 rows  CO/pick4/midday  2012/05  [pick-4-midday]
2026-04-12 19:32:09 INFO     sources.base: Fetching SourceName.LOTTERY_NET | CO | pick4 | 2012/06
2026-04-12 19:32:09 INFO     sources.lottery_net:   lottery.net: 0 rows  CO/pick4/midday  2012/06  [pick-4-midday]
2026-04-12 19:32:09 INFO     sources.base: Fetching SourceName.LOTTERY_NET | CO | pick4 | 2012/07
2026-04-12 19:32:09 INFO     sources.lottery_net:   lottery.net: 0 rows  CO/pick4/midday  2012/07  [pick-4-midday]
2026-04-12 19:32:09 INFO     sources.base: Fetching SourceName.LOTTERY_NET | CO | pick4 | 2012/08
2026-04-12 19:32:09 INFO     sources.lottery_net:   lottery.net: 0 rows  CO/pick4/midday  2012/08  [pick-4-midday]
2026-04-12 19:32:09 INFO     sources.base: Fetching SourceName.LOTTERY_NET | CO | pick4 | 2012/09
2026-04-12 19:32:09 INFO     sources.lottery_net:   lottery.net: 0 rows  CO/pick4/midday  2012/09  [pick-4-midday]
2026-04-12 19:32:09 INFO     sources.base: Fetching SourceName.LOTTERY_NET | CO | pick4 | 2012/10
2026-04-12 19:32:09 INFO     sources.lottery_net:   lottery.net: 0 rows  CO/pick4/midday  2012/10  [pick-4-midday]
2026-04-12 19:32:09 INFO     sources.base: Fetching SourceName.LOTTERY_NET | CO | pick4 | 2012/11
2026-04-12 19:32:09 INFO     sources.lottery_net:   lottery.net: 0 rows  CO/pick4/midday  2012/11  [pick-4-midday]
2026-04-12 19:32:09 INFO     sources.base: Fetching SourceName.LOTTERY_NET | CO | pick4 | 2012/12
2026-04-12 19:32:09 INFO     sources.lottery_net:   lottery.net: 0 rows  CO/pick4/midday  2012/12  [pick-4-midday]
2026-04-12 19:32:09 INFO     orchestrator.runner: Running reconciliation...
2026-04-12 19:32:09 INFO     orchestrator.reconciler: Reconciliation complete: {'accepted': 0, 'duplicate': 0, 'conflict_new_wins': 0, 'conflict_existing_wins': 0, 'errors': 0}
2026-04-12 19:32:09 INFO     orchestrator.runner: Ingest complete: {'tasks_run': 2, 'raw_results': 0, 'observations_written': 0, 'reconcile_stats': {'accepted': 0, 'duplicate': 0, 'conflict_new_wins': 0, 'conflict_existing_wins': 0, 'errors': 0}}"
LA,pick3,2012,ingested,ingest_success,0,/workspaces/lottery-engine/.venv/bin/python -m cli.ingest --state LA --game pick3 --start 2012-01-01 --end 2012-12-31 --source lottery.net,"Initializing database...

Ingest: state=LA game=pick3 source=lottery.net 2012-01-01..2012-12-31

--- Ingest Summary ---
  Tasks run:            2
  Raw results fetched:  0
  Observations written: 0
  Reconcile — accepted:         0
  Reconcile — duplicate:        0
  Reconcile — conflict (new):   0
  Reconcile — conflict (kept):  0
  Reconcile — errors:           0","2026-04-12 19:32:11 INFO     sources.lottery_net:   lottery.net: 0 rows  LA/pick3/midday  2012/04  [pick-3-midday]
2026-04-12 19:32:11 INFO     sources.base: Fetching SourceName.LOTTERY_NET | LA | pick3 | 2012/05
2026-04-12 19:32:11 INFO     sources.lottery_net:   lottery.net: 0 rows  LA/pick3/midday  2012/05  [pick-3-midday]
2026-04-12 19:32:11 INFO     sources.base: Fetching SourceName.LOTTERY_NET | LA | pick3 | 2012/06
2026-04-12 19:32:11 INFO     sources.lottery_net:   lottery.net: 0 rows  LA/pick3/midday  2012/06  [pick-3-midday]
2026-04-12 19:32:11 INFO     sources.base: Fetching SourceName.LOTTERY_NET | LA | pick3 | 2012/07
2026-04-12 19:32:11 INFO     sources.lottery_net:   lottery.net: 0 rows  LA/pick3/midday  2012/07  [pick-3-midday]
2026-04-12 19:32:11 INFO     sources.base: Fetching SourceName.LOTTERY_NET | LA | pick3 | 2012/08
2026-04-12 19:32:11 INFO     sources.lottery_net:   lottery.net: 0 rows  LA/pick3/midday  2012/08  [pick-3-midday]
2026-04-12 19:32:11 INFO     sources.base: Fetching SourceName.LOTTERY_NET | LA | pick3 | 2012/09
2026-04-12 19:32:11 INFO     sources.lottery_net:   lottery.net: 0 rows  LA/pick3/midday  2012/09  [pick-3-midday]
2026-04-12 19:32:11 INFO     sources.base: Fetching SourceName.LOTTERY_NET | LA | pick3 | 2012/10
2026-04-12 19:32:11 INFO     sources.lottery_net:   lottery.net: 0 rows  LA/pick3/midday  2012/10  [pick-3-midday]
2026-04-12 19:32:11 INFO     sources.base: Fetching SourceName.LOTTERY_NET | LA | pick3 | 2012/11
2026-04-12 19:32:11 INFO     sources.lottery_net:   lottery.net: 0 rows  LA/pick3/midday  2012/11  [pick-3-midday]
2026-04-12 19:32:11 INFO     sources.base: Fetching SourceName.LOTTERY_NET | LA | pick3 | 2012/12
2026-04-12 19:32:11 INFO     sources.lottery_net:   lottery.net: 0 rows  LA/pick3/midday  2012/12  [pick-3-midday]
2026-04-12 19:32:11 INFO     orchestrator.runner: Running reconciliation...
2026-04-12 19:32:11 INFO     orchestrator.reconciler: Reconciliation complete: {'accepted': 0, 'duplicate': 0, 'conflict_new_wins': 0, 'conflict_existing_wins': 0, 'errors': 0}
2026-04-12 19:32:11 INFO     orchestrator.runner: Ingest complete: {'tasks_run': 2, 'raw_results': 0, 'observations_written': 0, 'reconcile_stats': {'accepted': 0, 'duplicate': 0, 'conflict_new_wins': 0, 'conflict_existing_wins': 0, 'errors': 0}}"
LA,pick4,2012,ingested,ingest_success,0,/workspaces/lottery-engine/.venv/bin/python -m cli.ingest --state LA --game pick4 --start 2012-01-01 --end 2012-12-31 --source lottery.net,"Initializing database...

Ingest: state=LA game=pick4 source=lottery.net 2012-01-01..2012-12-31

--- Ingest Summary ---
  Tasks run:            2
  Raw results fetched:  0
  Observations written: 0
  Reconcile — accepted:         0
  Reconcile — duplicate:        0
  Reconcile — conflict (new):   0
  Reconcile — conflict (kept):  0
  Reconcile — errors:           0","2026-04-12 19:32:14 INFO     sources.lottery_net:   lottery.net: 0 rows  LA/pick4/midday  2012/04  [pick-4-midday]
2026-04-12 19:32:14 INFO     sources.base: Fetching SourceName.LOTTERY_NET | LA | pick4 | 2012/05
2026-04-12 19:32:14 INFO     sources.lottery_net:   lottery.net: 0 rows  LA/pick4/midday  2012/05  [pick-4-midday]
2026-04-12 19:32:14 INFO     sources.base: Fetching SourceName.LOTTERY_NET | LA | pick4 | 2012/06
2026-04-12 19:32:14 INFO     sources.lottery_net:   lottery.net: 0 rows  LA/pick4/midday  2012/06  [pick-4-midday]
2026-04-12 19:32:14 INFO     sources.base: Fetching SourceName.LOTTERY_NET | LA | pick4 | 2012/07
2026-04-12 19:32:14 INFO     sources.lottery_net:   lottery.net: 0 rows  LA/pick4/midday  2012/07  [pick-4-midday]
2026-04-12 19:32:14 INFO     sources.base: Fetching SourceName.LOTTERY_NET | LA | pick4 | 2012/08
2026-04-12 19:32:14 INFO     sources.lottery_net:   lottery.net: 0 rows  LA/pick4/midday  2012/08  [pick-4-midday]
2026-04-12 19:32:14 INFO     sources.base: Fetching SourceName.LOTTERY_NET | LA | pick4 | 2012/09
2026-04-12 19:32:14 INFO     sources.lottery_net:   lottery.net: 0 rows  LA/pick4/midday  2012/09  [pick-4-midday]
2026-04-12 19:32:14 INFO     sources.base: Fetching SourceName.LOTTERY_NET | LA | pick4 | 2012/10
2026-04-12 19:32:14 INFO     sources.lottery_net:   lottery.net: 0 rows  LA/pick4/midday  2012/10  [pick-4-midday]
2026-04-12 19:32:14 INFO     sources.base: Fetching SourceName.LOTTERY_NET | LA | pick4 | 2012/11
2026-04-12 19:32:14 INFO     sources.lottery_net:   lottery.net: 0 rows  LA/pick4/midday  2012/11  [pick-4-midday]
2026-04-12 19:32:14 INFO     sources.base: Fetching SourceName.LOTTERY_NET | LA | pick4 | 2012/12
2026-04-12 19:32:14 INFO     sources.lottery_net:   lottery.net: 0 rows  LA/pick4/midday  2012/12  [pick-4-midday]
2026-04-12 19:32:14 INFO     orchestrator.runner: Running reconciliation...
2026-04-12 19:32:14 INFO     orchestrator.reconciler: Reconciliation complete: {'accepted': 0, 'duplicate': 0, 'conflict_new_wins': 0, 'conflict_existing_wins': 0, 'errors': 0}
2026-04-12 19:32:14 INFO     orchestrator.runner: Ingest complete: {'tasks_run': 2, 'raw_results': 0, 'observations_written': 0, 'reconcile_stats': {'accepted': 0, 'duplicate': 0, 'conflict_new_wins': 0, 'conflict_existing_wins': 0, 'errors': 0}}"
MO,pick3,2012,ingested,ingest_success,0,/workspaces/lottery-engine/.venv/bin/python -m cli.ingest --state MO --game pick3 --start 2012-01-01 --end 2012-12-31 --source lottery.net,"Initializing database...

Ingest: state=MO game=pick3 source=lottery.net 2012-01-01..2012-12-31

--- Ingest Summary ---
  Tasks run:            2
  Raw results fetched:  727
  Observations written: 727
  Reconcile — accepted:         727
  Reconcile — duplicate:        0
  Reconcile — conflict (new):   0
  Reconcile — conflict (kept):  0
  Reconcile — errors:           0","2026-04-12 19:32:17 INFO     sources.lottery_net:   lottery.net: 30 rows  MO/pick3/midday  2012/04  [pick-3-midday]
2026-04-12 19:32:17 INFO     sources.base: Fetching SourceName.LOTTERY_NET | MO | pick3 | 2012/05
2026-04-12 19:32:17 INFO     sources.lottery_net:   lottery.net: 29 rows  MO/pick3/midday  2012/05  [pick-3-midday]
2026-04-12 19:32:17 INFO     sources.base: Fetching SourceName.LOTTERY_NET | MO | pick3 | 2012/06
2026-04-12 19:32:17 INFO     sources.lottery_net:   lottery.net: 30 rows  MO/pick3/midday  2012/06  [pick-3-midday]
2026-04-12 19:32:17 INFO     sources.base: Fetching SourceName.LOTTERY_NET | MO | pick3 | 2012/07
2026-04-12 19:32:17 INFO     sources.lottery_net:   lottery.net: 31 rows  MO/pick3/midday  2012/07  [pick-3-midday]
2026-04-12 19:32:17 INFO     sources.base: Fetching SourceName.LOTTERY_NET | MO | pick3 | 2012/08
2026-04-12 19:32:17 INFO     sources.lottery_net:   lottery.net: 31 rows  MO/pick3/midday  2012/08  [pick-3-midday]
2026-04-12 19:32:17 INFO     sources.base: Fetching SourceName.LOTTERY_NET | MO | pick3 | 2012/09
2026-04-12 19:32:17 INFO     sources.lottery_net:   lottery.net: 30 rows  MO/pick3/midday  2012/09  [pick-3-midday]
2026-04-12 19:32:17 INFO     sources.base: Fetching SourceName.LOTTERY_NET | MO | pick3 | 2012/10
2026-04-12 19:32:17 INFO     sources.lottery_net:   lottery.net: 31 rows  MO/pick3/midday  2012/10  [pick-3-midday]
2026-04-12 19:32:17 INFO     sources.base: Fetching SourceName.LOTTERY_NET | MO | pick3 | 2012/11
2026-04-12 19:32:17 INFO     sources.lottery_net:   lottery.net: 30 rows  MO/pick3/midday  2012/11  [pick-3-midday]
2026-04-12 19:32:17 INFO     sources.base: Fetching SourceName.LOTTERY_NET | MO | pick3 | 2012/12
2026-04-12 19:32:17 INFO     sources.lottery_net:   lottery.net: 31 rows  MO/pick3/midday  2012/12  [pick-3-midday]
2026-04-12 19:32:17 INFO     orchestrator.runner: Running reconciliation...
2026-04-12 19:32:18 INFO     orchestrator.reconciler: Reconciliation complete: {'accepted': 727, 'duplicate': 0, 'conflict_new_wins': 0, 'conflict_existing_wins': 0, 'errors': 0}
2026-04-12 19:32:18 INFO     orchestrator.runner: Ingest complete: {'tasks_run': 2, 'raw_results': 727, 'observations_written': 727, 'reconcile_stats': {'accepted': 727, 'duplicate': 0, 'conflict_new_wins': 0, 'conflict_existing_wins': 0, 'errors': 0}}"
MO,pick4,2012,ingested,ingest_success,0,/workspaces/lottery-engine/.venv/bin/python -m cli.ingest --state MO --game pick4 --start 2012-01-01 --end 2012-12-31 --source lottery.net,"Initializing database...

Ingest: state=MO game=pick4 source=lottery.net 2012-01-01..2012-12-31

--- Ingest Summary ---
  Tasks run:            2
  Raw results fetched:  727
  Observations written: 727
  Reconcile — accepted:         727
  Reconcile — duplicate:        0
  Reconcile — conflict (new):   0
  Reconcile — conflict (kept):  0
  Reconcile — errors:           0","2026-04-12 19:32:21 INFO     sources.lottery_net:   lottery.net: 30 rows  MO/pick4/midday  2012/04  [pick-4-midday]
2026-04-12 19:32:21 INFO     sources.base: Fetching SourceName.LOTTERY_NET | MO | pick4 | 2012/05
2026-04-12 19:32:21 INFO     sources.lottery_net:   lottery.net: 29 rows  MO/pick4/midday  2012/05  [pick-4-midday]
2026-04-12 19:32:21 INFO     sources.base: Fetching SourceName.LOTTERY_NET | MO | pick4 | 2012/06
2026-04-12 19:32:21 INFO     sources.lottery_net:   lottery.net: 30 rows  MO/pick4/midday  2012/06  [pick-4-midday]
2026-04-12 19:32:21 INFO     sources.base: Fetching SourceName.LOTTERY_NET | MO | pick4 | 2012/07
2026-04-12 19:32:21 INFO     sources.lottery_net:   lottery.net: 31 rows  MO/pick4/midday  2012/07  [pick-4-midday]
2026-04-12 19:32:21 INFO     sources.base: Fetching SourceName.LOTTERY_NET | MO | pick4 | 2012/08
2026-04-12 19:32:21 INFO     sources.lottery_net:   lottery.net: 31 rows  MO/pick4/midday  2012/08  [pick-4-midday]
2026-04-12 19:32:21 INFO     sources.base: Fetching SourceName.LOTTERY_NET | MO | pick4 | 2012/09
2026-04-12 19:32:21 INFO     sources.lottery_net:   lottery.net: 30 rows  MO/pick4/midday  2012/09  [pick-4-midday]
2026-04-12 19:32:21 INFO     sources.base: Fetching SourceName.LOTTERY_NET | MO | pick4 | 2012/10
2026-04-12 19:32:21 INFO     sources.lottery_net:   lottery.net: 31 rows  MO/pick4/midday  2012/10  [pick-4-midday]
2026-04-12 19:32:21 INFO     sources.base: Fetching SourceName.LOTTERY_NET | MO | pick4 | 2012/11
2026-04-12 19:32:21 INFO     sources.lottery_net:   lottery.net: 30 rows  MO/pick4/midday  2012/11  [pick-4-midday]
2026-04-12 19:32:21 INFO     sources.base: Fetching SourceName.LOTTERY_NET | MO | pick4 | 2012/12
2026-04-12 19:32:21 INFO     sources.lottery_net:   lottery.net: 31 rows  MO/pick4/midday  2012/12  [pick-4-midday]
2026-04-12 19:32:21 INFO     orchestrator.runner: Running reconciliation...
2026-04-12 19:32:21 INFO     orchestrator.reconciler: Reconciliation complete: {'accepted': 727, 'duplicate': 0, 'conflict_new_wins': 0, 'conflict_existing_wins': 0, 'errors': 0}
2026-04-12 19:32:21 INFO     orchestrator.runner: Ingest complete: {'tasks_run': 2, 'raw_results': 727, 'observations_written': 727, 'reconcile_stats': {'accepted': 727, 'duplicate': 0, 'conflict_new_wins': 0, 'conflict_existing_wins': 0, 'errors': 0}}"
OK,pick3,2012,ingested,ingest_success,0,/workspaces/lottery-engine/.venv/bin/python -m cli.ingest --state OK --game pick3 --start 2012-01-01 --end 2012-12-31 --source lottery.net,"Initializing database...

Ingest: state=OK game=pick3 source=lottery.net 2012-01-01..2012-12-31

--- Ingest Summary ---
  Tasks run:            2
  Raw results fetched:  0
  Observations written: 0
  Reconcile — accepted:         0
  Reconcile — duplicate:        0
  Reconcile — conflict (new):   0
  Reconcile — conflict (kept):  0
  Reconcile — errors:           0","2026-04-12 19:32:24 INFO     sources.lottery_net:   lottery.net: 0 rows  OK/pick3/midday  2012/04  [pick-3-midday]
2026-04-12 19:32:24 INFO     sources.base: Fetching SourceName.LOTTERY_NET | OK | pick3 | 2012/05
2026-04-12 19:32:24 INFO     sources.lottery_net:   lottery.net: 0 rows  OK/pick3/midday  2012/05  [pick-3-midday]
2026-04-12 19:32:24 INFO     sources.base: Fetching SourceName.LOTTERY_NET | OK | pick3 | 2012/06
2026-04-12 19:32:24 INFO     sources.lottery_net:   lottery.net: 0 rows  OK/pick3/midday  2012/06  [pick-3-midday]
2026-04-12 19:32:24 INFO     sources.base: Fetching SourceName.LOTTERY_NET | OK | pick3 | 2012/07
2026-04-12 19:32:24 INFO     sources.lottery_net:   lottery.net: 0 rows  OK/pick3/midday  2012/07  [pick-3-midday]
2026-04-12 19:32:24 INFO     sources.base: Fetching SourceName.LOTTERY_NET | OK | pick3 | 2012/08
2026-04-12 19:32:24 INFO     sources.lottery_net:   lottery.net: 0 rows  OK/pick3/midday  2012/08  [pick-3-midday]
2026-04-12 19:32:24 INFO     sources.base: Fetching SourceName.LOTTERY_NET | OK | pick3 | 2012/09
2026-04-12 19:32:24 INFO     sources.lottery_net:   lottery.net: 0 rows  OK/pick3/midday  2012/09  [pick-3-midday]
2026-04-12 19:32:24 INFO     sources.base: Fetching SourceName.LOTTERY_NET | OK | pick3 | 2012/10
2026-04-12 19:32:24 INFO     sources.lottery_net:   lottery.net: 0 rows  OK/pick3/midday  2012/10  [pick-3-midday]
2026-04-12 19:32:24 INFO     sources.base: Fetching SourceName.LOTTERY_NET | OK | pick3 | 2012/11
2026-04-12 19:32:24 INFO     sources.lottery_net:   lottery.net: 0 rows  OK/pick3/midday  2012/11  [pick-3-midday]
2026-04-12 19:32:24 INFO     sources.base: Fetching SourceName.LOTTERY_NET | OK | pick3 | 2012/12
2026-04-12 19:32:24 INFO     sources.lottery_net:   lottery.net: 0 rows  OK/pick3/midday  2012/12  [pick-3-midday]
2026-04-12 19:32:24 INFO     orchestrator.runner: Running reconciliation...
2026-04-12 19:32:24 INFO     orchestrator.reconciler: Reconciliation complete: {'accepted': 0, 'duplicate': 0, 'conflict_new_wins': 0, 'conflict_existing_wins': 0, 'errors': 0}
2026-04-12 19:32:24 INFO     orchestrator.runner: Ingest complete: {'tasks_run': 2, 'raw_results': 0, 'observations_written': 0, 'reconcile_stats': {'accepted': 0, 'duplicate': 0, 'conflict_new_wins': 0, 'conflict_existing_wins': 0, 'errors': 0}}"
OK,pick4,2012,ingested,ingest_success,0,/workspaces/lottery-engine/.venv/bin/python -m cli.ingest --state OK --game pick4 --start 2012-01-01 --end 2012-12-31 --source lottery.net,"Initializing database...

Ingest: state=OK game=pick4 source=lottery.net 2012-01-01..2012-12-31

--- Ingest Summary ---
  Tasks run:            2
  Raw results fetched:  0
  Observations written: 0
  Reconcile — accepted:         0
  Reconcile — duplicate:        0
  Reconcile — conflict (new):   0
  Reconcile — conflict (kept):  0
  Reconcile — errors:           0","2026-04-12 19:32:26 INFO     sources.lottery_net:   lottery.net: 0 rows  OK/pick4/midday  2012/04  [pick-4-midday]
2026-04-12 19:32:26 INFO     sources.base: Fetching SourceName.LOTTERY_NET | OK | pick4 | 2012/05
2026-04-12 19:32:26 INFO     sources.lottery_net:   lottery.net: 0 rows  OK/pick4/midday  2012/05  [pick-4-midday]
2026-04-12 19:32:26 INFO     sources.base: Fetching SourceName.LOTTERY_NET | OK | pick4 | 2012/06
2026-04-12 19:32:26 INFO     sources.lottery_net:   lottery.net: 0 rows  OK/pick4/midday  2012/06  [pick-4-midday]
2026-04-12 19:32:26 INFO     sources.base: Fetching SourceName.LOTTERY_NET | OK | pick4 | 2012/07
2026-04-12 19:32:26 INFO     sources.lottery_net:   lottery.net: 0 rows  OK/pick4/midday  2012/07  [pick-4-midday]
2026-04-12 19:32:26 INFO     sources.base: Fetching SourceName.LOTTERY_NET | OK | pick4 | 2012/08
2026-04-12 19:32:26 INFO     sources.lottery_net:   lottery.net: 0 rows  OK/pick4/midday  2012/08  [pick-4-midday]
2026-04-12 19:32:26 INFO     sources.base: Fetching SourceName.LOTTERY_NET | OK | pick4 | 2012/09
2026-04-12 19:32:26 INFO     sources.lottery_net:   lottery.net: 0 rows  OK/pick4/midday  2012/09  [pick-4-midday]
2026-04-12 19:32:26 INFO     sources.base: Fetching SourceName.LOTTERY_NET | OK | pick4 | 2012/10
2026-04-12 19:32:26 INFO     sources.lottery_net:   lottery.net: 0 rows  OK/pick4/midday  2012/10  [pick-4-midday]
2026-04-12 19:32:26 INFO     sources.base: Fetching SourceName.LOTTERY_NET | OK | pick4 | 2012/11
2026-04-12 19:32:26 INFO     sources.lottery_net:   lottery.net: 0 rows  OK/pick4/midday  2012/11  [pick-4-midday]
2026-04-12 19:32:26 INFO     sources.base: Fetching SourceName.LOTTERY_NET | OK | pick4 | 2012/12
2026-04-12 19:32:26 INFO     sources.lottery_net:   lottery.net: 0 rows  OK/pick4/midday  2012/12  [pick-4-midday]
2026-04-12 19:32:26 INFO     orchestrator.runner: Running reconciliation...
2026-04-12 19:32:26 INFO     orchestrator.reconciler: Reconciliation complete: {'accepted': 0, 'duplicate': 0, 'conflict_new_wins': 0, 'conflict_existing_wins': 0, 'errors': 0}
2026-04-12 19:32:26 INFO     orchestrator.runner: Ingest complete: {'tasks_run': 2, 'raw_results': 0, 'observations_written': 0, 'reconcile_stats': {'accepted': 0, 'duplicate': 0, 'conflict_new_wins': 0, 'conflict_existing_wins': 0, 'errors': 0}}"
ID,pick3,2012,ingested,ingest_success,0,/workspaces/lottery-engine/.venv/bin/python -m cli.ingest --state ID --game pick3 --start 2012-01-01 --end 2012-12-31 --source lottery.net,"Initializing database...

Ingest: state=ID game=pick3 source=lottery.net 2012-01-01..2012-12-31

--- Ingest Summary ---
  Tasks run:            2
  Raw results fetched:  0
  Observations written: 0
  Reconcile — accepted:         0
  Reconcile — duplicate:        0
  Reconcile — conflict (new):   0
  Reconcile — conflict (kept):  0
  Reconcile — errors:           0","2026-04-12 19:32:29 INFO     sources.lottery_net:   lottery.net: 0 rows  ID/pick3/midday  2012/04  [pick-3-midday]
2026-04-12 19:32:29 INFO     sources.base: Fetching SourceName.LOTTERY_NET | ID | pick3 | 2012/05
2026-04-12 19:32:29 INFO     sources.lottery_net:   lottery.net: 0 rows  ID/pick3/midday  2012/05  [pick-3-midday]
2026-04-12 19:32:29 INFO     sources.base: Fetching SourceName.LOTTERY_NET | ID | pick3 | 2012/06
2026-04-12 19:32:29 INFO     sources.lottery_net:   lottery.net: 0 rows  ID/pick3/midday  2012/06  [pick-3-midday]
2026-04-12 19:32:29 INFO     sources.base: Fetching SourceName.LOTTERY_NET | ID | pick3 | 2012/07
2026-04-12 19:32:29 INFO     sources.lottery_net:   lottery.net: 0 rows  ID/pick3/midday  2012/07  [pick-3-midday]
2026-04-12 19:32:29 INFO     sources.base: Fetching SourceName.LOTTERY_NET | ID | pick3 | 2012/08
2026-04-12 19:32:29 INFO     sources.lottery_net:   lottery.net: 0 rows  ID/pick3/midday  2012/08  [pick-3-midday]
2026-04-12 19:32:29 INFO     sources.base: Fetching SourceName.LOTTERY_NET | ID | pick3 | 2012/09
2026-04-12 19:32:29 INFO     sources.lottery_net:   lottery.net: 0 rows  ID/pick3/midday  2012/09  [pick-3-midday]
2026-04-12 19:32:29 INFO     sources.base: Fetching SourceName.LOTTERY_NET | ID | pick3 | 2012/10
2026-04-12 19:32:29 INFO     sources.lottery_net:   lottery.net: 0 rows  ID/pick3/midday  2012/10  [pick-3-midday]
2026-04-12 19:32:29 INFO     sources.base: Fetching SourceName.LOTTERY_NET | ID | pick3 | 2012/11
2026-04-12 19:32:29 INFO     sources.lottery_net:   lottery.net: 0 rows  ID/pick3/midday  2012/11  [pick-3-midday]
2026-04-12 19:32:29 INFO     sources.base: Fetching SourceName.LOTTERY_NET | ID | pick3 | 2012/12
2026-04-12 19:32:29 INFO     sources.lottery_net:   lottery.net: 0 rows  ID/pick3/midday  2012/12  [pick-3-midday]
2026-04-12 19:32:29 INFO     orchestrator.runner: Running reconciliation...
2026-04-12 19:32:29 INFO     orchestrator.reconciler: Reconciliation complete: {'accepted': 0, 'duplicate': 0, 'conflict_new_wins': 0, 'conflict_existing_wins': 0, 'errors': 0}
2026-04-12 19:32:29 INFO     orchestrator.runner: Ingest complete: {'tasks_run': 2, 'raw_results': 0, 'observations_written': 0, 'reconcile_stats': {'accepted': 0, 'duplicate': 0, 'conflict_new_wins': 0, 'conflict_existing_wins': 0, 'errors': 0}}"
ID,pick4,2012,ingested,ingest_success,0,/workspaces/lottery-engine/.venv/bin/python -m cli.ingest --state ID --game pick4 --start 2012-01-01 --end 2012-12-31 --source lottery.net,"Initializing database...

Ingest: state=ID game=pick4 source=lottery.net 2012-01-01..2012-12-31

--- Ingest Summary ---
  Tasks run:            2
  Raw results fetched:  0
  Observations written: 0
  Reconcile — accepted:         0
  Reconcile — duplicate:        0
  Reconcile — conflict (new):   0
  Reconcile — conflict (kept):  0
  Reconcile — errors:           0","2026-04-12 19:32:31 INFO     sources.lottery_net:   lottery.net: 0 rows  ID/pick4/midday  2012/04  [pick-4-midday]
2026-04-12 19:32:31 INFO     sources.base: Fetching SourceName.LOTTERY_NET | ID | pick4 | 2012/05
2026-04-12 19:32:31 INFO     sources.lottery_net:   lottery.net: 0 rows  ID/pick4/midday  2012/05  [pick-4-midday]
2026-04-12 19:32:31 INFO     sources.base: Fetching SourceName.LOTTERY_NET | ID | pick4 | 2012/06
2026-04-12 19:32:31 INFO     sources.lottery_net:   lottery.net: 0 rows  ID/pick4/midday  2012/06  [pick-4-midday]
2026-04-12 19:32:31 INFO     sources.base: Fetching SourceName.LOTTERY_NET | ID | pick4 | 2012/07
2026-04-12 19:32:31 INFO     sources.lottery_net:   lottery.net: 0 rows  ID/pick4/midday  2012/07  [pick-4-midday]
2026-04-12 19:32:31 INFO     sources.base: Fetching SourceName.LOTTERY_NET | ID | pick4 | 2012/08
2026-04-12 19:32:31 INFO     sources.lottery_net:   lottery.net: 0 rows  ID/pick4/midday  2012/08  [pick-4-midday]
2026-04-12 19:32:31 INFO     sources.base: Fetching SourceName.LOTTERY_NET | ID | pick4 | 2012/09
2026-04-12 19:32:31 INFO     sources.lottery_net:   lottery.net: 0 rows  ID/pick4/midday  2012/09  [pick-4-midday]
2026-04-12 19:32:31 INFO     sources.base: Fetching SourceName.LOTTERY_NET | ID | pick4 | 2012/10
2026-04-12 19:32:31 INFO     sources.lottery_net:   lottery.net: 0 rows  ID/pick4/midday  2012/10  [pick-4-midday]
2026-04-12 19:32:31 INFO     sources.base: Fetching SourceName.LOTTERY_NET | ID | pick4 | 2012/11
2026-04-12 19:32:31 INFO     sources.lottery_net:   lottery.net: 0 rows  ID/pick4/midday  2012/11  [pick-4-midday]
2026-04-12 19:32:31 INFO     sources.base: Fetching SourceName.LOTTERY_NET | ID | pick4 | 2012/12
2026-04-12 19:32:31 INFO     sources.lottery_net:   lottery.net: 0 rows  ID/pick4/midday  2012/12  [pick-4-midday]
2026-04-12 19:32:31 INFO     orchestrator.runner: Running reconciliation...
2026-04-12 19:32:31 INFO     orchestrator.reconciler: Reconciliation complete: {'accepted': 0, 'duplicate': 0, 'conflict_new_wins': 0, 'conflict_existing_wins': 0, 'errors': 0}
2026-04-12 19:32:31 INFO     orchestrator.runner: Ingest complete: {'tasks_run': 2, 'raw_results': 0, 'observations_written': 0, 'reconcile_stats': {'accepted': 0, 'duplicate': 0, 'conflict_new_wins': 0, 'conflict_existing_wins': 0, 'errors': 0}}"
NJ,pick3,2012,ingested,ingest_success,0,/workspaces/lottery-engine/.venv/bin/python -m cli.ingest --state NJ --game pick3 --start 2012-01-01 --end 2012-12-31 --source lottery.net,"Initializing database...

Ingest: state=NJ game=pick3 source=lottery.net 2012-01-01..2012-12-31

--- Ingest Summary ---
  Tasks run:            2
  Raw results fetched:  722
  Observations written: 722
  Reconcile — accepted:         722
  Reconcile — duplicate:        0
  Reconcile — conflict (new):   0
  Reconcile — conflict (kept):  0
  Reconcile — errors:           0","2026-04-12 19:32:34 INFO     sources.lottery_net:   lottery.net: 30 rows  NJ/pick3/midday  2012/04  [pick-3-midday]
2026-04-12 19:32:34 INFO     sources.base: Fetching SourceName.LOTTERY_NET | NJ | pick3 | 2012/05
2026-04-12 19:32:34 INFO     sources.lottery_net:   lottery.net: 29 rows  NJ/pick3/midday  2012/05  [pick-3-midday]
2026-04-12 19:32:34 INFO     sources.base: Fetching SourceName.LOTTERY_NET | NJ | pick3 | 2012/06
2026-04-12 19:32:34 INFO     sources.lottery_net:   lottery.net: 30 rows  NJ/pick3/midday  2012/06  [pick-3-midday]
2026-04-12 19:32:34 INFO     sources.base: Fetching SourceName.LOTTERY_NET | NJ | pick3 | 2012/07
2026-04-12 19:32:34 INFO     sources.lottery_net:   lottery.net: 31 rows  NJ/pick3/midday  2012/07  [pick-3-midday]
2026-04-12 19:32:34 INFO     sources.base: Fetching SourceName.LOTTERY_NET | NJ | pick3 | 2012/08
2026-04-12 19:32:34 INFO     sources.lottery_net:   lottery.net: 31 rows  NJ/pick3/midday  2012/08  [pick-3-midday]
2026-04-12 19:32:34 INFO     sources.base: Fetching SourceName.LOTTERY_NET | NJ | pick3 | 2012/09
2026-04-12 19:32:34 INFO     sources.lottery_net:   lottery.net: 30 rows  NJ/pick3/midday  2012/09  [pick-3-midday]
2026-04-12 19:32:34 INFO     sources.base: Fetching SourceName.LOTTERY_NET | NJ | pick3 | 2012/10
2026-04-12 19:32:34 INFO     sources.lottery_net:   lottery.net: 29 rows  NJ/pick3/midday  2012/10  [pick-3-midday]
2026-04-12 19:32:34 INFO     sources.base: Fetching SourceName.LOTTERY_NET | NJ | pick3 | 2012/11
2026-04-12 19:32:34 INFO     sources.lottery_net:   lottery.net: 30 rows  NJ/pick3/midday  2012/11  [pick-3-midday]
2026-04-12 19:32:34 INFO     sources.base: Fetching SourceName.LOTTERY_NET | NJ | pick3 | 2012/12
2026-04-12 19:32:34 INFO     sources.lottery_net:   lottery.net: 30 rows  NJ/pick3/midday  2012/12  [pick-3-midday]
2026-04-12 19:32:34 INFO     orchestrator.runner: Running reconciliation...
2026-04-12 19:32:34 INFO     orchestrator.reconciler: Reconciliation complete: {'accepted': 722, 'duplicate': 0, 'conflict_new_wins': 0, 'conflict_existing_wins': 0, 'errors': 0}
2026-04-12 19:32:34 INFO     orchestrator.runner: Ingest complete: {'tasks_run': 2, 'raw_results': 722, 'observations_written': 722, 'reconcile_stats': {'accepted': 722, 'duplicate': 0, 'conflict_new_wins': 0, 'conflict_existing_wins': 0, 'errors': 0}}"
NJ,pick4,2012,ingested,ingest_success,0,/workspaces/lottery-engine/.venv/bin/python -m cli.ingest --state NJ --game pick4 --start 2012-01-01 --end 2012-12-31 --source lottery.net,"Initializing database...

Ingest: state=NJ game=pick4 source=lottery.net 2012-01-01..2012-12-31

--- Ingest Summary ---
  Tasks run:            2
  Raw results fetched:  722
  Observations written: 722
  Reconcile — accepted:         722
  Reconcile — duplicate:        0
  Reconcile — conflict (new):   0
  Reconcile — conflict (kept):  0
  Reconcile — errors:           0","2026-04-12 19:32:37 INFO     sources.lottery_net:   lottery.net: 30 rows  NJ/pick4/midday  2012/04  [pick-4-midday]
2026-04-12 19:32:37 INFO     sources.base: Fetching SourceName.LOTTERY_NET | NJ | pick4 | 2012/05
2026-04-12 19:32:37 INFO     sources.lottery_net:   lottery.net: 29 rows  NJ/pick4/midday  2012/05  [pick-4-midday]
2026-04-12 19:32:37 INFO     sources.base: Fetching SourceName.LOTTERY_NET | NJ | pick4 | 2012/06
2026-04-12 19:32:37 INFO     sources.lottery_net:   lottery.net: 30 rows  NJ/pick4/midday  2012/06  [pick-4-midday]
2026-04-12 19:32:37 INFO     sources.base: Fetching SourceName.LOTTERY_NET | NJ | pick4 | 2012/07
2026-04-12 19:32:37 INFO     sources.lottery_net:   lottery.net: 31 rows  NJ/pick4/midday  2012/07  [pick-4-midday]
2026-04-12 19:32:37 INFO     sources.base: Fetching SourceName.LOTTERY_NET | NJ | pick4 | 2012/08
2026-04-12 19:32:37 INFO     sources.lottery_net:   lottery.net: 31 rows  NJ/pick4/midday  2012/08  [pick-4-midday]
2026-04-12 19:32:37 INFO     sources.base: Fetching SourceName.LOTTERY_NET | NJ | pick4 | 2012/09
2026-04-12 19:32:37 INFO     sources.lottery_net:   lottery.net: 30 rows  NJ/pick4/midday  2012/09  [pick-4-midday]
2026-04-12 19:32:37 INFO     sources.base: Fetching SourceName.LOTTERY_NET | NJ | pick4 | 2012/10
2026-04-12 19:32:37 INFO     sources.lottery_net:   lottery.net: 29 rows  NJ/pick4/midday  2012/10  [pick-4-midday]
2026-04-12 19:32:37 INFO     sources.base: Fetching SourceName.LOTTERY_NET | NJ | pick4 | 2012/11
2026-04-12 19:32:37 INFO     sources.lottery_net:   lottery.net: 30 rows  NJ/pick4/midday  2012/11  [pick-4-midday]
2026-04-12 19:32:37 INFO     sources.base: Fetching SourceName.LOTTERY_NET | NJ | pick4 | 2012/12
2026-04-12 19:32:37 INFO     sources.lottery_net:   lottery.net: 30 rows  NJ/pick4/midday  2012/12  [pick-4-midday]
2026-04-12 19:32:37 INFO     orchestrator.runner: Running reconciliation...
2026-04-12 19:32:37 INFO     orchestrator.reconciler: Reconciliation complete: {'accepted': 722, 'duplicate': 0, 'conflict_new_wins': 0, 'conflict_existing_wins': 0, 'errors': 0}
2026-04-12 19:32:38 INFO     orchestrator.runner: Ingest complete: {'tasks_run': 2, 'raw_results': 722, 'observations_written': 722, 'reconcile_stats': {'accepted': 722, 'duplicate': 0, 'conflict_new_wins': 0, 'conflict_existing_wins': 0, 'errors': 0}}"
NM,pick3,2012,ingested,ingest_success,0,/workspaces/lottery-engine/.venv/bin/python -m cli.ingest --state NM --game pick3 --start 2012-01-01 --end 2012-12-31 --source lottery.net,"Initializing database...

Ingest: state=NM game=pick3 source=lottery.net 2012-01-01..2012-12-31

--- Ingest Summary ---
  Tasks run:            2
  Raw results fetched:  311
  Observations written: 311
  Reconcile — accepted:         311
  Reconcile — duplicate:        0
  Reconcile — conflict (new):   0
  Reconcile — conflict (kept):  0
  Reconcile — errors:           0","2026-04-12 19:32:41 INFO     sources.lottery_net:   lottery.net: 0 rows  NM/pick3/midday  2012/04  [pick-3-midday]
2026-04-12 19:32:41 INFO     sources.base: Fetching SourceName.LOTTERY_NET | NM | pick3 | 2012/05
2026-04-12 19:32:41 INFO     sources.lottery_net:   lottery.net: 0 rows  NM/pick3/midday  2012/05  [pick-3-midday]
2026-04-12 19:32:41 INFO     sources.base: Fetching SourceName.LOTTERY_NET | NM | pick3 | 2012/06
2026-04-12 19:32:41 INFO     sources.lottery_net:   lottery.net: 0 rows  NM/pick3/midday  2012/06  [pick-3-midday]
2026-04-12 19:32:41 INFO     sources.base: Fetching SourceName.LOTTERY_NET | NM | pick3 | 2012/07
2026-04-12 19:32:41 INFO     sources.lottery_net:   lottery.net: 0 rows  NM/pick3/midday  2012/07  [pick-3-midday]
2026-04-12 19:32:41 INFO     sources.base: Fetching SourceName.LOTTERY_NET | NM | pick3 | 2012/08
2026-04-12 19:32:41 INFO     sources.lottery_net:   lottery.net: 0 rows  NM/pick3/midday  2012/08  [pick-3-midday]
2026-04-12 19:32:41 INFO     sources.base: Fetching SourceName.LOTTERY_NET | NM | pick3 | 2012/09
2026-04-12 19:32:41 INFO     sources.lottery_net:   lottery.net: 0 rows  NM/pick3/midday  2012/09  [pick-3-midday]
2026-04-12 19:32:41 INFO     sources.base: Fetching SourceName.LOTTERY_NET | NM | pick3 | 2012/10
2026-04-12 19:32:41 INFO     sources.lottery_net:   lottery.net: 0 rows  NM/pick3/midday  2012/10  [pick-3-midday]
2026-04-12 19:32:41 INFO     sources.base: Fetching SourceName.LOTTERY_NET | NM | pick3 | 2012/11
2026-04-12 19:32:41 INFO     sources.lottery_net:   lottery.net: 0 rows  NM/pick3/midday  2012/11  [pick-3-midday]
2026-04-12 19:32:41 INFO     sources.base: Fetching SourceName.LOTTERY_NET | NM | pick3 | 2012/12
2026-04-12 19:32:41 INFO     sources.lottery_net:   lottery.net: 0 rows  NM/pick3/midday  2012/12  [pick-3-midday]
2026-04-12 19:32:41 INFO     orchestrator.runner: Running reconciliation...
2026-04-12 19:32:41 INFO     orchestrator.reconciler: Reconciliation complete: {'accepted': 311, 'duplicate': 0, 'conflict_new_wins': 0, 'conflict_existing_wins': 0, 'errors': 0}
2026-04-12 19:32:41 INFO     orchestrator.runner: Ingest complete: {'tasks_run': 2, 'raw_results': 311, 'observations_written': 311, 'reconcile_stats': {'accepted': 311, 'duplicate': 0, 'conflict_new_wins': 0, 'conflict_existing_wins': 0, 'errors': 0}}"
NM,pick4,2012,ingested,ingest_success,0,/workspaces/lottery-engine/.venv/bin/python -m cli.ingest --state NM --game pick4 --start 2012-01-01 --end 2012-12-31 --source lottery.net,"Initializing database...

Ingest: state=NM game=pick4 source=lottery.net 2012-01-01..2012-12-31

--- Ingest Summary ---
  Tasks run:            2
  Raw results fetched:  0
  Observations written: 0
  Reconcile — accepted:         0
  Reconcile — duplicate:        0
  Reconcile — conflict (new):   0
  Reconcile — conflict (kept):  0
  Reconcile — errors:           0","2026-04-12 19:32:43 INFO     sources.lottery_net:   lottery.net: 0 rows  NM/pick4/midday  2012/04  [pick-4-midday]
2026-04-12 19:32:43 INFO     sources.base: Fetching SourceName.LOTTERY_NET | NM | pick4 | 2012/05
2026-04-12 19:32:43 INFO     sources.lottery_net:   lottery.net: 0 rows  NM/pick4/midday  2012/05  [pick-4-midday]
2026-04-12 19:32:43 INFO     sources.base: Fetching SourceName.LOTTERY_NET | NM | pick4 | 2012/06
2026-04-12 19:32:43 INFO     sources.lottery_net:   lottery.net: 0 rows  NM/pick4/midday  2012/06  [pick-4-midday]
2026-04-12 19:32:43 INFO     sources.base: Fetching SourceName.LOTTERY_NET | NM | pick4 | 2012/07
2026-04-12 19:32:43 INFO     sources.lottery_net:   lottery.net: 0 rows  NM/pick4/midday  2012/07  [pick-4-midday]
2026-04-12 19:32:43 INFO     sources.base: Fetching SourceName.LOTTERY_NET | NM | pick4 | 2012/08
2026-04-12 19:32:43 INFO     sources.lottery_net:   lottery.net: 0 rows  NM/pick4/midday  2012/08  [pick-4-midday]
2026-04-12 19:32:43 INFO     sources.base: Fetching SourceName.LOTTERY_NET | NM | pick4 | 2012/09
2026-04-12 19:32:43 INFO     sources.lottery_net:   lottery.net: 0 rows  NM/pick4/midday  2012/09  [pick-4-midday]
2026-04-12 19:32:43 INFO     sources.base: Fetching SourceName.LOTTERY_NET | NM | pick4 | 2012/10
2026-04-12 19:32:43 INFO     sources.lottery_net:   lottery.net: 0 rows  NM/pick4/midday  2012/10  [pick-4-midday]
2026-04-12 19:32:43 INFO     sources.base: Fetching SourceName.LOTTERY_NET | NM | pick4 | 2012/11
2026-04-12 19:32:43 INFO     sources.lottery_net:   lottery.net: 0 rows  NM/pick4/midday  2012/11  [pick-4-midday]
2026-04-12 19:32:43 INFO     sources.base: Fetching SourceName.LOTTERY_NET | NM | pick4 | 2012/12
2026-04-12 19:32:43 INFO     sources.lottery_net:   lottery.net: 0 rows  NM/pick4/midday  2012/12  [pick-4-midday]
2026-04-12 19:32:43 INFO     orchestrator.runner: Running reconciliation...
2026-04-12 19:32:43 INFO     orchestrator.reconciler: Reconciliation complete: {'accepted': 0, 'duplicate': 0, 'conflict_new_wins': 0, 'conflict_existing_wins': 0, 'errors': 0}
2026-04-12 19:32:43 INFO     orchestrator.runner: Ingest complete: {'tasks_run': 2, 'raw_results': 0, 'observations_written': 0, 'reconcile_stats': {'accepted': 0, 'duplicate': 0, 'conflict_new_wins': 0, 'conflict_existing_wins': 0, 'errors': 0}}"
NC,pick3,2012,ingested,ingest_success,0,/workspaces/lottery-engine/.venv/bin/python -m cli.ingest --state NC --game pick3 --start 2012-01-01 --end 2012-12-31 --source lottery.net,"Initializing database...

Ingest: state=NC game=pick3 source=lottery.net 2012-01-01..2012-12-31

--- Ingest Summary ---
  Tasks run:            2
  Raw results fetched:  726
  Observations written: 726
  Reconcile — accepted:         726
  Reconcile — duplicate:        0
  Reconcile — conflict (new):   0
  Reconcile — conflict (kept):  0
  Reconcile — errors:           0","2026-04-12 19:32:46 INFO     sources.lottery_net:   lottery.net: 30 rows  NC/pick3/midday  2012/04  [pick-3-midday]
2026-04-12 19:32:46 INFO     sources.base: Fetching SourceName.LOTTERY_NET | NC | pick3 | 2012/05
2026-04-12 19:32:46 INFO     sources.lottery_net:   lottery.net: 29 rows  NC/pick3/midday  2012/05  [pick-3-midday]
2026-04-12 19:32:46 INFO     sources.base: Fetching SourceName.LOTTERY_NET | NC | pick3 | 2012/06
2026-04-12 19:32:46 INFO     sources.lottery_net:   lottery.net: 30 rows  NC/pick3/midday  2012/06  [pick-3-midday]
2026-04-12 19:32:46 INFO     sources.base: Fetching SourceName.LOTTERY_NET | NC | pick3 | 2012/07
2026-04-12 19:32:46 INFO     sources.lottery_net:   lottery.net: 31 rows  NC/pick3/midday  2012/07  [pick-3-midday]
2026-04-12 19:32:46 INFO     sources.base: Fetching SourceName.LOTTERY_NET | NC | pick3 | 2012/08
2026-04-12 19:32:46 INFO     sources.lottery_net:   lottery.net: 31 rows  NC/pick3/midday  2012/08  [pick-3-midday]
2026-04-12 19:32:46 INFO     sources.base: Fetching SourceName.LOTTERY_NET | NC | pick3 | 2012/09
2026-04-12 19:32:46 INFO     sources.lottery_net:   lottery.net: 30 rows  NC/pick3/midday  2012/09  [pick-3-midday]
2026-04-12 19:32:46 INFO     sources.base: Fetching SourceName.LOTTERY_NET | NC | pick3 | 2012/10
2026-04-12 19:32:46 INFO     sources.lottery_net:   lottery.net: 31 rows  NC/pick3/midday  2012/10  [pick-3-midday]
2026-04-12 19:32:46 INFO     sources.base: Fetching SourceName.LOTTERY_NET | NC | pick3 | 2012/11
2026-04-12 19:32:46 INFO     sources.lottery_net:   lottery.net: 30 rows  NC/pick3/midday  2012/11  [pick-3-midday]
2026-04-12 19:32:46 INFO     sources.base: Fetching SourceName.LOTTERY_NET | NC | pick3 | 2012/12
2026-04-12 19:32:46 INFO     sources.lottery_net:   lottery.net: 31 rows  NC/pick3/midday  2012/12  [pick-3-midday]
2026-04-12 19:32:46 INFO     orchestrator.runner: Running reconciliation...
2026-04-12 19:32:46 INFO     orchestrator.reconciler: Reconciliation complete: {'accepted': 726, 'duplicate': 0, 'conflict_new_wins': 0, 'conflict_existing_wins': 0, 'errors': 0}
2026-04-12 19:32:47 INFO     orchestrator.runner: Ingest complete: {'tasks_run': 2, 'raw_results': 726, 'observations_written': 726, 'reconcile_stats': {'accepted': 726, 'duplicate': 0, 'conflict_new_wins': 0, 'conflict_existing_wins': 0, 'errors': 0}}"
NC,pick4,2012,ingested,ingest_success,0,/workspaces/lottery-engine/.venv/bin/python -m cli.ingest --state NC --game pick4 --start 2012-01-01 --end 2012-12-31 --source lottery.net,"Initializing database...

Ingest: state=NC game=pick4 source=lottery.net 2012-01-01..2012-12-31

--- Ingest Summary ---
  Tasks run:            2
  Raw results fetched:  726
  Observations written: 726
  Reconcile — accepted:         726
  Reconcile — duplicate:        0
  Reconcile — conflict (new):   0
  Reconcile — conflict (kept):  0
  Reconcile — errors:           0","2026-04-12 19:32:49 INFO     sources.lottery_net:   lottery.net: 30 rows  NC/pick4/midday  2012/04  [pick-4-midday]
2026-04-12 19:32:49 INFO     sources.base: Fetching SourceName.LOTTERY_NET | NC | pick4 | 2012/05
2026-04-12 19:32:49 INFO     sources.lottery_net:   lottery.net: 29 rows  NC/pick4/midday  2012/05  [pick-4-midday]
2026-04-12 19:32:49 INFO     sources.base: Fetching SourceName.LOTTERY_NET | NC | pick4 | 2012/06
2026-04-12 19:32:49 INFO     sources.lottery_net:   lottery.net: 30 rows  NC/pick4/midday  2012/06  [pick-4-midday]
2026-04-12 19:32:49 INFO     sources.base: Fetching SourceName.LOTTERY_NET | NC | pick4 | 2012/07
2026-04-12 19:32:49 INFO     sources.lottery_net:   lottery.net: 31 rows  NC/pick4/midday  2012/07  [pick-4-midday]
2026-04-12 19:32:49 INFO     sources.base: Fetching SourceName.LOTTERY_NET | NC | pick4 | 2012/08
2026-04-12 19:32:49 INFO     sources.lottery_net:   lottery.net: 31 rows  NC/pick4/midday  2012/08  [pick-4-midday]
2026-04-12 19:32:49 INFO     sources.base: Fetching SourceName.LOTTERY_NET | NC | pick4 | 2012/09
2026-04-12 19:32:49 INFO     sources.lottery_net:   lottery.net: 30 rows  NC/pick4/midday  2012/09  [pick-4-midday]
2026-04-12 19:32:49 INFO     sources.base: Fetching SourceName.LOTTERY_NET | NC | pick4 | 2012/10
2026-04-12 19:32:49 INFO     sources.lottery_net:   lottery.net: 31 rows  NC/pick4/midday  2012/10  [pick-4-midday]
2026-04-12 19:32:49 INFO     sources.base: Fetching SourceName.LOTTERY_NET | NC | pick4 | 2012/11
2026-04-12 19:32:49 INFO     sources.lottery_net:   lottery.net: 30 rows  NC/pick4/midday  2012/11  [pick-4-midday]
2026-04-12 19:32:49 INFO     sources.base: Fetching SourceName.LOTTERY_NET | NC | pick4 | 2012/12
2026-04-12 19:32:49 INFO     sources.lottery_net:   lottery.net: 31 rows  NC/pick4/midday  2012/12  [pick-4-midday]
2026-04-12 19:32:49 INFO     orchestrator.runner: Running reconciliation...
2026-04-12 19:32:49 INFO     orchestrator.reconciler: Reconciliation complete: {'accepted': 726, 'duplicate': 0, 'conflict_new_wins': 0, 'conflict_existing_wins': 0, 'errors': 0}
2026-04-12 19:32:50 INFO     orchestrator.runner: Ingest complete: {'tasks_run': 2, 'raw_results': 726, 'observations_written': 726, 'reconcile_stats': {'accepted': 726, 'duplicate': 0, 'conflict_new_wins': 0, 'conflict_existing_wins': 0, 'errors': 0}}"
VA,pick3,2012,ingested,ingest_success,0,/workspaces/lottery-engine/.venv/bin/python -m cli.ingest --state VA --game pick3 --start 2012-01-01 --end 2012-12-31 --source lottery.net,"Initializing database...

Ingest: state=VA game=pick3 source=lottery.net 2012-01-01..2012-12-31

--- Ingest Summary ---
  Tasks run:            2
  Raw results fetched:  726
  Observations written: 726
  Reconcile — accepted:         726
  Reconcile — duplicate:        0
  Reconcile — conflict (new):   0
  Reconcile — conflict (kept):  0
  Reconcile — errors:           0","2026-04-12 19:32:52 INFO     sources.lottery_net:   lottery.net: 30 rows  VA/pick3/midday  2012/04  [pick-3-midday]
2026-04-12 19:32:52 INFO     sources.base: Fetching SourceName.LOTTERY_NET | VA | pick3 | 2012/05
2026-04-12 19:32:52 INFO     sources.lottery_net:   lottery.net: 29 rows  VA/pick3/midday  2012/05  [pick-3-midday]
2026-04-12 19:32:52 INFO     sources.base: Fetching SourceName.LOTTERY_NET | VA | pick3 | 2012/06
2026-04-12 19:32:52 INFO     sources.lottery_net:   lottery.net: 30 rows  VA/pick3/midday  2012/06  [pick-3-midday]
2026-04-12 19:32:52 INFO     sources.base: Fetching SourceName.LOTTERY_NET | VA | pick3 | 2012/07
2026-04-12 19:32:52 INFO     sources.lottery_net:   lottery.net: 31 rows  VA/pick3/midday  2012/07  [pick-3-midday]
2026-04-12 19:32:52 INFO     sources.base: Fetching SourceName.LOTTERY_NET | VA | pick3 | 2012/08
2026-04-12 19:32:52 INFO     sources.lottery_net:   lottery.net: 31 rows  VA/pick3/midday  2012/08  [pick-3-midday]
2026-04-12 19:32:52 INFO     sources.base: Fetching SourceName.LOTTERY_NET | VA | pick3 | 2012/09
2026-04-12 19:32:52 INFO     sources.lottery_net:   lottery.net: 30 rows  VA/pick3/midday  2012/09  [pick-3-midday]
2026-04-12 19:32:52 INFO     sources.base: Fetching SourceName.LOTTERY_NET | VA | pick3 | 2012/10
2026-04-12 19:32:52 INFO     sources.lottery_net:   lottery.net: 31 rows  VA/pick3/midday  2012/10  [pick-3-midday]
2026-04-12 19:32:52 INFO     sources.base: Fetching SourceName.LOTTERY_NET | VA | pick3 | 2012/11
2026-04-12 19:32:52 INFO     sources.lottery_net:   lottery.net: 30 rows  VA/pick3/midday  2012/11  [pick-3-midday]
2026-04-12 19:32:52 INFO     sources.base: Fetching SourceName.LOTTERY_NET | VA | pick3 | 2012/12
2026-04-12 19:32:52 INFO     sources.lottery_net:   lottery.net: 31 rows  VA/pick3/midday  2012/12  [pick-3-midday]
2026-04-12 19:32:52 INFO     orchestrator.runner: Running reconciliation...
2026-04-12 19:32:53 INFO     orchestrator.reconciler: Reconciliation complete: {'accepted': 726, 'duplicate': 0, 'conflict_new_wins': 0, 'conflict_existing_wins': 0, 'errors': 0}
2026-04-12 19:32:53 INFO     orchestrator.runner: Ingest complete: {'tasks_run': 2, 'raw_results': 726, 'observations_written': 726, 'reconcile_stats': {'accepted': 726, 'duplicate': 0, 'conflict_new_wins': 0, 'conflict_existing_wins': 0, 'errors': 0}}"
VA,pick4,2012,ingested,ingest_success,0,/workspaces/lottery-engine/.venv/bin/python -m cli.ingest --state VA --game pick4 --start 2012-01-01 --end 2012-12-31 --source lottery.net,"Initializing database...

Ingest: state=VA game=pick4 source=lottery.net 2012-01-01..2012-12-31

--- Ingest Summary ---
  Tasks run:            2
  Raw results fetched:  726
  Observations written: 726
  Reconcile — accepted:         726
  Reconcile — duplicate:        0
  Reconcile — conflict (new):   0
  Reconcile — conflict (kept):  0
  Reconcile — errors:           0","2026-04-12 19:32:57 INFO     sources.lottery_net:   lottery.net: 30 rows  VA/pick4/midday  2012/04  [pick-4-midday]
2026-04-12 19:32:57 INFO     sources.base: Fetching SourceName.LOTTERY_NET | VA | pick4 | 2012/05
2026-04-12 19:32:57 INFO     sources.lottery_net:   lottery.net: 29 rows  VA/pick4/midday  2012/05  [pick-4-midday]
2026-04-12 19:32:57 INFO     sources.base: Fetching SourceName.LOTTERY_NET | VA | pick4 | 2012/06
2026-04-12 19:32:57 INFO     sources.lottery_net:   lottery.net: 30 rows  VA/pick4/midday  2012/06  [pick-4-midday]
2026-04-12 19:32:57 INFO     sources.base: Fetching SourceName.LOTTERY_NET | VA | pick4 | 2012/07
2026-04-12 19:32:57 INFO     sources.lottery_net:   lottery.net: 31 rows  VA/pick4/midday  2012/07  [pick-4-midday]
2026-04-12 19:32:57 INFO     sources.base: Fetching SourceName.LOTTERY_NET | VA | pick4 | 2012/08
2026-04-12 19:32:57 INFO     sources.lottery_net:   lottery.net: 31 rows  VA/pick4/midday  2012/08  [pick-4-midday]
2026-04-12 19:32:57 INFO     sources.base: Fetching SourceName.LOTTERY_NET | VA | pick4 | 2012/09
2026-04-12 19:32:57 INFO     sources.lottery_net:   lottery.net: 30 rows  VA/pick4/midday  2012/09  [pick-4-midday]
2026-04-12 19:32:57 INFO     sources.base: Fetching SourceName.LOTTERY_NET | VA | pick4 | 2012/10
2026-04-12 19:32:57 INFO     sources.lottery_net:   lottery.net: 31 rows  VA/pick4/midday  2012/10  [pick-4-midday]
2026-04-12 19:32:57 INFO     sources.base: Fetching SourceName.LOTTERY_NET | VA | pick4 | 2012/11
2026-04-12 19:32:57 INFO     sources.lottery_net:   lottery.net: 30 rows  VA/pick4/midday  2012/11  [pick-4-midday]
2026-04-12 19:32:57 INFO     sources.base: Fetching SourceName.LOTTERY_NET | VA | pick4 | 2012/12
2026-04-12 19:32:57 INFO     sources.lottery_net:   lottery.net: 31 rows  VA/pick4/midday  2012/12  [pick-4-midday]
2026-04-12 19:32:57 INFO     orchestrator.runner: Running reconciliation...
2026-04-12 19:32:57 INFO     orchestrator.reconciler: Reconciliation complete: {'accepted': 726, 'duplicate': 0, 'conflict_new_wins': 0, 'conflict_existing_wins': 0, 'errors': 0}
2026-04-12 19:32:57 INFO     orchestrator.runner: Ingest complete: {'tasks_run': 2, 'raw_results': 726, 'observations_written': 726, 'reconcile_stats': {'accepted': 726, 'duplicate': 0, 'conflict_new_wins': 0, 'conflict_existing_wins': 0, 'errors': 0}}"
AL,pick3,2012,skipped,no_state_lottery,0,preset-skip,,
AL,pick4,2012,skipped,no_state_lottery,0,preset-skip,,
MS,pick3,2012,skipped,unsupported_registry_missing,1,/workspaces/lottery-engine/.venv/bin/python -m cli.validate_state --state MS --game pick3 --month 2012-01 --source lottery.net --dry-run,"  ⚠ Slugs: ESTIMATED — verify before backfill  WARN
    4/4 mappings are ESTIMATED (unconfirmed on live site).
      check → https://www.lottery.net/mississippi/cash-3-midday/numbers/2024
      check → https://www.lottery.net/mississippi/cash-3-evening/numbers/2024
      check → https://www.lottery.net/mississippi/cash-4-midday/numbers/2024
      Run: python -m cli.validate_state --state MS --game pick3 --month 2012-01 --source lottery.net --dry-run
  – Registry metadata                          SKIP
    REGISTRY_META not found in definition file

  ↳ WARN  (1 warning(s))

── 2. URL planning ──
  ✗ URL generation                             FAIL
    No tasks generated. Check lifecycle windows and source coverage years.
  ↳ FAIL  (1 check(s) failed)

══════════════════════════════════════════════════════════════
  RESULT: FAIL  (1 failure(s), 1 warning(s))
══════════════════════════════════════════════════════════════
  STATE=MS  GAME=pick3  MONTH=2012-01  SOURCE=lottery.net  RESULT=FAIL  REASON=""URL generation: No tasks generated. Check lifecycle windows and source coverage """,
MS,pick4,2012,skipped,unsupported_registry_missing,1,/workspaces/lottery-engine/.venv/bin/python -m cli.validate_state --state MS --game pick4 --month 2012-01 --source lottery.net --dry-run,"  ⚠ Slugs: ESTIMATED — verify before backfill  WARN
    4/4 mappings are ESTIMATED (unconfirmed on live site).
      check → https://www.lottery.net/mississippi/cash-3-midday/numbers/2024
      check → https://www.lottery.net/mississippi/cash-3-evening/numbers/2024
      check → https://www.lottery.net/mississippi/cash-4-midday/numbers/2024
      Run: python -m cli.validate_state --state MS --game pick4 --month 2012-01 --source lottery.net --dry-run
  – Registry metadata                          SKIP
    REGISTRY_META not found in definition file

  ↳ WARN  (1 warning(s))

── 2. URL planning ──
  ✗ URL generation                             FAIL
    No tasks generated. Check lifecycle windows and source coverage years.
  ↳ FAIL  (1 check(s) failed)

══════════════════════════════════════════════════════════════
  RESULT: FAIL  (1 failure(s), 1 warning(s))
══════════════════════════════════════════════════════════════
  STATE=MS  GAME=pick4  MONTH=2012-01  SOURCE=lottery.net  RESULT=FAIL  REASON=""URL generation: No tasks generated. Check lifecycle windows and source coverage """,
MN,pick3,2012,ingested,ingest_success,0,/workspaces/lottery-engine/.venv/bin/python -m cli.ingest --state MN --game pick3 --start 2012-01-01 --end 2012-12-31 --source lottery.net,"Initializing database...

Ingest: state=MN game=pick3 source=lottery.net 2012-01-01..2012-12-31

--- Ingest Summary ---
  Tasks run:            1
  Raw results fetched:  363
  Observations written: 363
  Reconcile — accepted:         363
  Reconcile — duplicate:        0
  Reconcile — conflict (new):   0
  Reconcile — conflict (kept):  0
  Reconcile — errors:           0","2026-04-12 19:33:00 INFO     sources.lottery_net:   lottery.net: 30 rows  MN/pick3/evening  2012/04  [pick-3]
2026-04-12 19:33:00 INFO     sources.base: Fetching SourceName.LOTTERY_NET | MN | pick3 | 2012/05
2026-04-12 19:33:00 INFO     sources.lottery_net:   lottery.net: 29 rows  MN/pick3/evening  2012/05  [pick-3]
2026-04-12 19:33:00 INFO     sources.base: Fetching SourceName.LOTTERY_NET | MN | pick3 | 2012/06
2026-04-12 19:33:00 INFO     sources.lottery_net:   lottery.net: 29 rows  MN/pick3/evening  2012/06  [pick-3]
2026-04-12 19:33:00 INFO     sources.base: Fetching SourceName.LOTTERY_NET | MN | pick3 | 2012/07
2026-04-12 19:33:00 INFO     sources.lottery_net:   lottery.net: 31 rows  MN/pick3/evening  2012/07  [pick-3]
2026-04-12 19:33:00 INFO     sources.base: Fetching SourceName.LOTTERY_NET | MN | pick3 | 2012/08
2026-04-12 19:33:00 INFO     sources.lottery_net:   lottery.net: 31 rows  MN/pick3/evening  2012/08  [pick-3]
2026-04-12 19:33:00 INFO     sources.base: Fetching SourceName.LOTTERY_NET | MN | pick3 | 2012/09
2026-04-12 19:33:00 INFO     sources.lottery_net:   lottery.net: 30 rows  MN/pick3/evening  2012/09  [pick-3]
2026-04-12 19:33:00 INFO     sources.base: Fetching SourceName.LOTTERY_NET | MN | pick3 | 2012/10
2026-04-12 19:33:00 INFO     sources.lottery_net:   lottery.net: 31 rows  MN/pick3/evening  2012/10  [pick-3]
2026-04-12 19:33:00 INFO     sources.base: Fetching SourceName.LOTTERY_NET | MN | pick3 | 2012/11
2026-04-12 19:33:00 INFO     sources.lottery_net:   lottery.net: 30 rows  MN/pick3/evening  2012/11  [pick-3]
2026-04-12 19:33:00 INFO     sources.base: Fetching SourceName.LOTTERY_NET | MN | pick3 | 2012/12
2026-04-12 19:33:00 INFO     sources.lottery_net:   lottery.net: 31 rows  MN/pick3/evening  2012/12  [pick-3]
2026-04-12 19:33:00 INFO     orchestrator.runner: Running reconciliation...
2026-04-12 19:33:00 INFO     orchestrator.reconciler: Reconciliation complete: {'accepted': 363, 'duplicate': 0, 'conflict_new_wins': 0, 'conflict_existing_wins': 0, 'errors': 0}
2026-04-12 19:33:00 INFO     orchestrator.runner: Ingest complete: {'tasks_run': 1, 'raw_results': 363, 'observations_written': 363, 'reconcile_stats': {'accepted': 363, 'duplicate': 0, 'conflict_new_wins': 0, 'conflict_existing_wins': 0, 'errors': 0}}"
MN,pick4,2012,skipped,unsupported_registry_missing,1,/workspaces/lottery-engine/.venv/bin/python -m cli.validate_state --state MN --game pick4 --month 2012-01 --source lottery.net --dry-run,"  ✓ Source mappings exist                      PASS
    1 mappings across 1 source(s)
  ⚠ Slugs: ESTIMATED — verify before backfill  WARN
    1/1 mappings are ESTIMATED (unconfirmed on live site).
      check → https://www.lottery.net/minnesota/pick-3/numbers/2024
      Run: python -m cli.validate_state --state MN --game pick4 --month 2012-01 --source lottery.net --dry-run
  – Registry metadata                          SKIP
    REGISTRY_META not found in definition file

  ↳ WARN  (1 warning(s))

── 2. URL planning ──
  ✗ URL generation                             FAIL
    No tasks generated. Check lifecycle windows and source coverage years.
  ↳ FAIL  (1 check(s) failed)

══════════════════════════════════════════════════════════════
  RESULT: FAIL  (1 failure(s), 1 warning(s))
══════════════════════════════════════════════════════════════
  STATE=MN  GAME=pick4  MONTH=2012-01  SOURCE=lottery.net  RESULT=FAIL  REASON=""URL generation: No tasks generated. Check lifecycle windows and source coverage """,
UT,pick3,2012,skipped,no_state_lottery,0,preset-skip,,
UT,pick4,2012,skipped,no_state_lottery,0,preset-skip,,
ME,pick3,2012,skipped,tri_state_lottery_handling_required,0,preset-skip,,
ME,pick4,2012,skipped,tri_state_lottery_handling_required,0,preset-skip,,
NH,pick3,2012,skipped,tri_state_lottery_handling_required,0,preset-skip,,
NH,pick4,2012,skipped,tri_state_lottery_handling_required,0,preset-skip,,
VT,pick3,2012,skipped,tri_state_lottery_handling_required,0,preset-skip,,
VT,pick4,2012,skipped,tri_state_lottery_handling_required,0,preset-skip,,
SD,pick3,2012,skipped,unsupported_state_game_combo,0,preset-skip,,
SD,pick4,2012,skipped,unsupported_state_game_combo,0,preset-skip,,
ND,pick3,2012,skipped,unsupported_state_game_combo,0,preset-skip,,
ND,pick4,2012,skipped,unsupported_state_game_combo,0,preset-skip,,
MT,pick3,2012,skipped,unsupported_state_game_combo,0,preset-skip,,
MT,pick4,2012,skipped,unsupported_state_game_combo,0,preset-skip,,
WY,pick3,2012,skipped,unsupported_state_game_combo,0,preset-skip,,
WY,pick4,2012,skipped,unsupported_state_game_combo,0,preset-skip,,
AK,pick3,2012,skipped,no_state_lottery,0,preset-skip,,
AK,pick4,2012,skipped,no_state_lottery,0,preset-skip,,
HI,pick3,2012,skipped,no_state_lottery,0,preset-skip,,
HI,pick4,2012,skipped,no_state_lottery,0,preset-skip,,
CA,pick3,2012,ingested,ingest_success,0,/workspaces/lottery-engine/.venv/bin/python -m cli.ingest --state CA --game pick3 --start 2012-01-01 --end 2012-12-31 --source lottery.net,"Initializing database...

Ingest: state=CA game=pick3 source=lottery.net 2012-01-01..2012-12-31

--- Ingest Summary ---
  Tasks run:            3
  Raw results fetched:  1091
  Observations written: 1091
  Reconcile — accepted:         727
  Reconcile — duplicate:        364
  Reconcile — conflict (new):   0
  Reconcile — conflict (kept):  0
  Reconcile — errors:           0","2026-04-12 19:33:03 INFO     sources.lottery_net:   lottery.net: 30 rows  CA/pick3/midday  2012/04  [daily-3-midday]
2026-04-12 19:33:03 INFO     sources.base: Fetching SourceName.LOTTERY_NET | CA | pick3 | 2012/05
2026-04-12 19:33:03 INFO     sources.lottery_net:   lottery.net: 29 rows  CA/pick3/midday  2012/05  [daily-3-midday]
2026-04-12 19:33:03 INFO     sources.base: Fetching SourceName.LOTTERY_NET | CA | pick3 | 2012/06
2026-04-12 19:33:03 INFO     sources.lottery_net:   lottery.net: 30 rows  CA/pick3/midday  2012/06  [daily-3-midday]
2026-04-12 19:33:03 INFO     sources.base: Fetching SourceName.LOTTERY_NET | CA | pick3 | 2012/07
2026-04-12 19:33:03 INFO     sources.lottery_net:   lottery.net: 31 rows  CA/pick3/midday  2012/07  [daily-3-midday]
2026-04-12 19:33:03 INFO     sources.base: Fetching SourceName.LOTTERY_NET | CA | pick3 | 2012/08
2026-04-12 19:33:03 INFO     sources.lottery_net:   lottery.net: 31 rows  CA/pick3/midday  2012/08  [daily-3-midday]
2026-04-12 19:33:03 INFO     sources.base: Fetching SourceName.LOTTERY_NET | CA | pick3 | 2012/09
2026-04-12 19:33:03 INFO     sources.lottery_net:   lottery.net: 30 rows  CA/pick3/midday  2012/09  [daily-3-midday]
2026-04-12 19:33:03 INFO     sources.base: Fetching SourceName.LOTTERY_NET | CA | pick3 | 2012/10
2026-04-12 19:33:03 INFO     sources.lottery_net:   lottery.net: 31 rows  CA/pick3/midday  2012/10  [daily-3-midday]
2026-04-12 19:33:03 INFO     sources.base: Fetching SourceName.LOTTERY_NET | CA | pick3 | 2012/11
2026-04-12 19:33:03 INFO     sources.lottery_net:   lottery.net: 30 rows  CA/pick3/midday  2012/11  [daily-3-midday]
2026-04-12 19:33:03 INFO     sources.base: Fetching SourceName.LOTTERY_NET | CA | pick3 | 2012/12
2026-04-12 19:33:03 INFO     sources.lottery_net:   lottery.net: 31 rows  CA/pick3/midday  2012/12  [daily-3-midday]
2026-04-12 19:33:03 INFO     orchestrator.runner: Running reconciliation...
2026-04-12 19:33:04 INFO     orchestrator.reconciler: Reconciliation complete: {'accepted': 727, 'duplicate': 364, 'conflict_new_wins': 0, 'conflict_existing_wins': 0, 'errors': 0}
2026-04-12 19:33:04 INFO     orchestrator.runner: Ingest complete: {'tasks_run': 3, 'raw_results': 1091, 'observations_written': 1091, 'reconcile_stats': {'accepted': 727, 'duplicate': 364, 'conflict_new_wins': 0, 'conflict_existing_wins': 0, 'errors': 0}}"
CA,pick4,2012,ingested,ingest_success,0,/workspaces/lottery-engine/.venv/bin/python -m cli.ingest --state CA --game pick4 --start 2012-01-01 --end 2012-12-31 --source lottery.net,"Initializing database...

Ingest: state=CA game=pick4 source=lottery.net 2012-01-01..2012-12-31

--- Ingest Summary ---
  Tasks run:            3
  Raw results fetched:  363
  Observations written: 363
  Reconcile — accepted:         363
  Reconcile — duplicate:        0
  Reconcile — conflict (new):   0
  Reconcile — conflict (kept):  0
  Reconcile — errors:           0","2026-04-12 19:33:06 INFO     sources.lottery_net:   lottery.net: 30 rows  CA/pick4/midday  2012/04  [daily-4]
2026-04-12 19:33:06 INFO     sources.base: Fetching SourceName.LOTTERY_NET | CA | pick4 | 2012/05
2026-04-12 19:33:06 INFO     sources.lottery_net:   lottery.net: 29 rows  CA/pick4/midday  2012/05  [daily-4]
2026-04-12 19:33:06 INFO     sources.base: Fetching SourceName.LOTTERY_NET | CA | pick4 | 2012/06
2026-04-12 19:33:06 INFO     sources.lottery_net:   lottery.net: 29 rows  CA/pick4/midday  2012/06  [daily-4]
2026-04-12 19:33:06 INFO     sources.base: Fetching SourceName.LOTTERY_NET | CA | pick4 | 2012/07
2026-04-12 19:33:06 INFO     sources.lottery_net:   lottery.net: 31 rows  CA/pick4/midday  2012/07  [daily-4]
2026-04-12 19:33:06 INFO     sources.base: Fetching SourceName.LOTTERY_NET | CA | pick4 | 2012/08
2026-04-12 19:33:06 INFO     sources.lottery_net:   lottery.net: 31 rows  CA/pick4/midday  2012/08  [daily-4]
2026-04-12 19:33:06 INFO     sources.base: Fetching SourceName.LOTTERY_NET | CA | pick4 | 2012/09
2026-04-12 19:33:06 INFO     sources.lottery_net:   lottery.net: 30 rows  CA/pick4/midday  2012/09  [daily-4]
2026-04-12 19:33:06 INFO     sources.base: Fetching SourceName.LOTTERY_NET | CA | pick4 | 2012/10
2026-04-12 19:33:06 INFO     sources.lottery_net:   lottery.net: 31 rows  CA/pick4/midday  2012/10  [daily-4]
2026-04-12 19:33:06 INFO     sources.base: Fetching SourceName.LOTTERY_NET | CA | pick4 | 2012/11
2026-04-12 19:33:06 INFO     sources.lottery_net:   lottery.net: 30 rows  CA/pick4/midday  2012/11  [daily-4]
2026-04-12 19:33:06 INFO     sources.base: Fetching SourceName.LOTTERY_NET | CA | pick4 | 2012/12
2026-04-12 19:33:06 INFO     sources.lottery_net:   lottery.net: 31 rows  CA/pick4/midday  2012/12  [daily-4]
2026-04-12 19:33:06 INFO     orchestrator.runner: Running reconciliation...
2026-04-12 19:33:06 INFO     orchestrator.reconciler: Reconciliation complete: {'accepted': 363, 'duplicate': 0, 'conflict_new_wins': 0, 'conflict_existing_wins': 0, 'errors': 0}
2026-04-12 19:33:06 INFO     orchestrator.runner: Ingest complete: {'tasks_run': 3, 'raw_results': 363, 'observations_written': 363, 'reconcile_stats': {'accepted': 363, 'duplicate': 0, 'conflict_new_wins': 0, 'conflict_existing_wins': 0, 'errors': 0}}"
